Algorithm,Benchmark,Benchmark_Base,Iterations,Vars,Locs,Edges,Atomic_Stmts,XCVA_Path,Log_Path
BMC_BTOR,adding.1.prop1-back-serstep.btor2,adding.1,8,138,3,3,178,fight_xcfa\btor2-xcfa\adding.1.prop1-back-serstep.yml\xcfa.json,opt_algos_logfiles\btor2-algos-opt.2025-12-07_02-16-12.logfiles\btor2-bounded.adding.1.prop1-back-serstep.yml.log
BMC_BTOR,anderson.1.prop1-back-serstep.btor2,anderson.1,8,287,3,3,353,fight_xcfa\btor2-xcfa\anderson.1.prop1-back-serstep.yml\xcfa.json,opt_algos_logfiles\btor2-algos-opt.2025-12-07_02-16-12.logfiles\btor2-bounded.adding.1.prop1-back-serstep.yml.log
BMC_BTOR,anderson.3.prop1-back-serstep.btor2,anderson.3,8,450,3,3,545,fight_xcfa\btor2-xcfa\anderson.3.prop1-back-serstep.yml\xcfa.json,opt_algos_logfiles\btor2-algos-opt.2025-12-07_02-16-12.logfiles\btor2-bounded.adding.1.prop1-back-serstep.yml.log
BMC_BTOR,bakery.2.prop1-back-serstep.btor2,bakery.2,8,367,3,3,449,fight_xcfa\btor2-xcfa\bakery.2.prop1-back-serstep.yml\xcfa.json,opt_algos_logfiles\btor2-algos-opt.2025-12-07_02-16-12.logfiles\btor2-bounded.adding.1.prop1-back-serstep.yml.log
BMC_BTOR,driving_phils.1.prop1-back-serstep.btor2,driving_phils.1,8,934,3,3,1091,fight_xcfa\btor2-xcfa\driving_phils.1.prop1-back-serstep.yml\xcfa.json,opt_algos_logfiles\btor2-algos-opt.2025-12-07_02-16-12.logfiles\btor2-bounded.adding.1.prop1-back-serstep.yml.log
BMC_BTOR,driving_phils.1.prop1-func-interl.btor2,driving_phils.1,8,934,3,3,1091,fight_xcfa\btor2-xcfa\driving_phils.1.prop1-back-serstep.yml\xcfa.json,opt_algos_logfiles\btor2-algos-opt.2025-12-07_02-16-12.logfiles\btor2-bounded.adding.1.prop1-back-serstep.yml.log
BMC_BTOR,driving_phils.2.prop1-back-serstep.btor2,driving_phils.2,8,974,3,3,1162,fight_xcfa\btor2-xcfa\driving_phils.2.prop1-back-serstep.yml\xcfa.json,opt_algos_logfiles\btor2-algos-opt.2025-12-07_02-16-12.logfiles\btor2-bounded.adding.1.prop1-back-serstep.yml.log
BMC_BTOR,driving_phils.2.prop1-func-interl.btor2,driving_phils.2,8,974,3,3,1162,fight_xcfa\btor2-xcfa\driving_phils.2.prop1-back-serstep.yml\xcfa.json,opt_algos_logfiles\btor2-algos-opt.2025-12-07_02-16-12.logfiles\btor2-bounded.adding.1.prop1-back-serstep.yml.log
BMC_BTOR,driving_phils.3.prop1-back-serstep.btor2,driving_phils.3,8,1270,3,3,1472,fight_xcfa\btor2-xcfa\driving_phils.3.prop1-back-serstep.yml\xcfa.json,opt_algos_logfiles\btor2-algos-opt.2025-12-07_02-16-12.logfiles\btor2-bounded.adding.1.prop1-back-serstep.yml.log
BMC_BTOR,driving_phils.3.prop1-func-interl.btor2,driving_phils.3,8,1270,3,3,1472,fight_xcfa\btor2-xcfa\driving_phils.3.prop1-back-serstep.yml\xcfa.json,opt_algos_logfiles\btor2-algos-opt.2025-12-07_02-16-12.logfiles\btor2-bounded.adding.1.prop1-back-serstep.yml.log
BMC_BTOR,driving_phils.4.prop1-back-serstep.btor2,driving_phils.4,8,1410,3,3,1645,fight_xcfa\btor2-xcfa\driving_phils.4.prop1-back-serstep.yml\xcfa.json,opt_algos_logfiles\btor2-algos-opt.2025-12-07_02-16-12.logfiles\btor2-bounded.adding.1.prop1-back-serstep.yml.log
BMC_BTOR,driving_phils.4.prop1-func-interl.btor2,driving_phils.4,8,1410,3,3,1645,fight_xcfa\btor2-xcfa\driving_phils.4.prop1-back-serstep.yml\xcfa.json,opt_algos_logfiles\btor2-algos-opt.2025-12-07_02-16-12.logfiles\btor2-bounded.adding.1.prop1-back-serstep.yml.log
BMC_BTOR,driving_phils.5.prop1-back-serstep.btor2,driving_phils.5,8,1214,3,3,1439,fight_xcfa\btor2-xcfa\driving_phils.5.prop1-back-serstep.yml\xcfa.json,opt_algos_logfiles\btor2-algos-opt.2025-12-07_02-16-12.logfiles\btor2-bounded.adding.1.prop1-back-serstep.yml.log
BMC_BTOR,driving_phils.5.prop1-func-interl.btor2,driving_phils.5,8,1214,3,3,1439,fight_xcfa\btor2-xcfa\driving_phils.5.prop1-back-serstep.yml\xcfa.json,opt_algos_logfiles\btor2-algos-opt.2025-12-07_02-16-12.logfiles\btor2-bounded.adding.1.prop1-back-serstep.yml.log
BMC_BTOR,leader_filters.2.prop1-back-serstep.btor2,leader_filters.2,8,831,3,3,1027,fight_xcfa\btor2-xcfa\leader_filters.2.prop1-back-serstep.yml\xcfa.json,opt_algos_logfiles\btor2-algos-opt.2025-12-07_02-16-12.logfiles\btor2-bounded.adding.1.prop1-back-serstep.yml.log
BMC_BTOR,peterson.3.prop1-back-serstep.btor2,peterson.3,8,481,3,3,599,fight_xcfa\btor2-xcfa\peterson.3.prop1-back-serstep.yml\xcfa.json,opt_algos_logfiles\btor2-algos-opt.2025-12-07_02-16-12.logfiles\btor2-bounded.adding.1.prop1-back-serstep.yml.log
BMC_BTOR,peterson.6.prop1-back-serstep.btor2,peterson.6,8,664,3,3,820,fight_xcfa\btor2-xcfa\peterson.6.prop1-back-serstep.yml\xcfa.json,opt_algos_logfiles\btor2-algos-opt.2025-12-07_02-16-12.logfiles\btor2-bounded.adding.1.prop1-back-serstep.yml.log
BMC_BTOR,production_cell.1.prop1-back-serstep.btor2,production_cell.1,8,724,3,3,901,fight_xcfa\btor2-xcfa\production_cell.1.prop1-back-serstep.yml\xcfa.json,opt_algos_logfiles\btor2-algos-opt.2025-12-07_02-16-12.logfiles\btor2-bounded.adding.1.prop1-back-serstep.yml.log
BMC_BTOR,production_cell.1.prop1-func-interl.btor2,production_cell.1,8,724,3,3,901,fight_xcfa\btor2-xcfa\production_cell.1.prop1-back-serstep.yml\xcfa.json,opt_algos_logfiles\btor2-algos-opt.2025-12-07_02-16-12.logfiles\btor2-bounded.adding.1.prop1-back-serstep.yml.log
BMC_BTOR,production_cell.3.prop1-back-serstep.btor2,production_cell.3,8,1039,3,3,1276,fight_xcfa\btor2-xcfa\production_cell.3.prop1-back-serstep.yml\xcfa.json,opt_algos_logfiles\btor2-algos-opt.2025-12-07_02-16-12.logfiles\btor2-bounded.adding.1.prop1-back-serstep.yml.log
BMC_BTOR,production_cell.3.prop1-func-interl.btor2,production_cell.3,8,1039,3,3,1276,fight_xcfa\btor2-xcfa\production_cell.3.prop1-back-serstep.yml\xcfa.json,opt_algos_logfiles\btor2-algos-opt.2025-12-07_02-16-12.logfiles\btor2-bounded.adding.1.prop1-back-serstep.yml.log
BMC_BTOR,production_cell.5.prop1-back-serstep.btor2,production_cell.5,8,1249,3,3,1526,fight_xcfa\btor2-xcfa\production_cell.5.prop1-back-serstep.yml\xcfa.json,opt_algos_logfiles\btor2-algos-opt.2025-12-07_02-16-12.logfiles\btor2-bounded.adding.1.prop1-back-serstep.yml.log
BMC_BTOR,production_cell.5.prop1-func-interl.btor2,production_cell.5,8,1249,3,3,1526,fight_xcfa\btor2-xcfa\production_cell.5.prop1-back-serstep.yml\xcfa.json,opt_algos_logfiles\btor2-algos-opt.2025-12-07_02-16-12.logfiles\btor2-bounded.adding.1.prop1-back-serstep.yml.log
BMC_BTOR,production_cell.6.prop1-back-serstep.btor2,production_cell.6,8,1459,3,3,1776,fight_xcfa\btor2-xcfa\production_cell.6.prop1-back-serstep.yml\xcfa.json,opt_algos_logfiles\btor2-algos-opt.2025-12-07_02-16-12.logfiles\btor2-bounded.adding.1.prop1-back-serstep.yml.log
BMC_BTOR,production_cell.6.prop1-func-interl.btor2,production_cell.6,8,1459,3,3,1776,fight_xcfa\btor2-xcfa\production_cell.6.prop1-back-serstep.yml\xcfa.json,opt_algos_logfiles\btor2-algos-opt.2025-12-07_02-16-12.logfiles\btor2-bounded.adding.1.prop1-back-serstep.yml.log
BMC_BTOR,protocols.1.prop1-back-serstep.btor2,protocols.1,8,324,3,3,420,fight_xcfa\btor2-xcfa\protocols.1.prop1-back-serstep.yml\xcfa.json,opt_algos_logfiles\btor2-algos-opt.2025-12-07_02-16-12.logfiles\btor2-bounded.adding.1.prop1-back-serstep.yml.log
BMC_BTOR,protocols.1.prop1-func-interl.btor2,protocols.1,8,324,3,3,420,fight_xcfa\btor2-xcfa\protocols.1.prop1-back-serstep.yml\xcfa.json,opt_algos_logfiles\btor2-algos-opt.2025-12-07_02-16-12.logfiles\btor2-bounded.adding.1.prop1-back-serstep.yml.log
BMC_BTOR,protocols.2.prop1-back-serstep.btor2,protocols.2,8,367,3,3,474,fight_xcfa\btor2-xcfa\protocols.2.prop1-back-serstep.yml\xcfa.json,opt_algos_logfiles\btor2-algos-opt.2025-12-07_02-16-12.logfiles\btor2-bounded.adding.1.prop1-back-serstep.yml.log
BMC_BTOR,protocols.2.prop1-func-interl.btor2,protocols.2,8,367,3,3,474,fight_xcfa\btor2-xcfa\protocols.2.prop1-back-serstep.yml\xcfa.json,opt_algos_logfiles\btor2-algos-opt.2025-12-07_02-16-12.logfiles\btor2-bounded.adding.1.prop1-back-serstep.yml.log
BMC_BTOR,protocols.3.prop1-back-serstep.btor2,protocols.3,8,459,3,3,581,fight_xcfa\btor2-xcfa\protocols.3.prop1-back-serstep.yml\xcfa.json,opt_algos_logfiles\btor2-algos-opt.2025-12-07_02-16-12.logfiles\btor2-bounded.adding.1.prop1-back-serstep.yml.log
BMC_BTOR,protocols.3.prop1-func-interl.btor2,protocols.3,8,459,3,3,581,fight_xcfa\btor2-xcfa\protocols.3.prop1-back-serstep.yml\xcfa.json,opt_algos_logfiles\btor2-algos-opt.2025-12-07_02-16-12.logfiles\btor2-bounded.adding.1.prop1-back-serstep.yml.log
BMC_BTOR,protocols.4.prop1-back-serstep.btor2,protocols.4,8,459,3,3,581,fight_xcfa\btor2-xcfa\protocols.4.prop1-back-serstep.yml\xcfa.json,opt_algos_logfiles\btor2-algos-opt.2025-12-07_02-16-12.logfiles\btor2-bounded.adding.1.prop1-back-serstep.yml.log
BMC_BTOR,protocols.4.prop1-func-interl.btor2,protocols.4,8,459,3,3,581,fight_xcfa\btor2-xcfa\protocols.4.prop1-back-serstep.yml\xcfa.json,opt_algos_logfiles\btor2-algos-opt.2025-12-07_02-16-12.logfiles\btor2-bounded.adding.1.prop1-back-serstep.yml.log
BMC_BTOR,protocols.5.prop1-back-serstep.btor2,protocols.5,8,459,3,3,581,fight_xcfa\btor2-xcfa\protocols.5.prop1-back-serstep.yml\xcfa.json,opt_algos_logfiles\btor2-algos-opt.2025-12-07_02-16-12.logfiles\btor2-bounded.adding.1.prop1-back-serstep.yml.log
BMC_BTOR,protocols.5.prop1-func-interl.btor2,protocols.5,8,459,3,3,581,fight_xcfa\btor2-xcfa\protocols.5.prop1-back-serstep.yml\xcfa.json,opt_algos_logfiles\btor2-algos-opt.2025-12-07_02-16-12.logfiles\btor2-bounded.adding.1.prop1-back-serstep.yml.log
BMC_BTOR,resistance.2.prop1-back-serstep.btor2,resistance.2,8,589,3,3,714,fight_xcfa\btor2-xcfa\resistance.2.prop1-back-serstep.yml\xcfa.json,opt_algos_logfiles\btor2-algos-opt.2025-12-07_02-16-12.logfiles\btor2-bounded.adding.1.prop1-back-serstep.yml.log
BMC_BTOR,resistance.2.prop1-func-interl.btor2,resistance.2,8,589,3,3,714,fight_xcfa\btor2-xcfa\resistance.2.prop1-back-serstep.yml\xcfa.json,opt_algos_logfiles\btor2-algos-opt.2025-12-07_02-16-12.logfiles\btor2-bounded.adding.1.prop1-back-serstep.yml.log
BMC_BTOR,schedule_world.1.prop1-back-serstep.btor2,schedule_world.1,8,520,3,3,640,fight_xcfa\btor2-xcfa\schedule_world.1.prop1-back-serstep.yml\xcfa.json,opt_algos_logfiles\btor2-algos-opt.2025-12-07_02-16-12.logfiles\btor2-bounded.adding.1.prop1-back-serstep.yml.log
BMC_BTOR,schedule_world.1.prop1-func-interl.btor2,schedule_world.1,8,520,3,3,640,fight_xcfa\btor2-xcfa\schedule_world.1.prop1-back-serstep.yml\xcfa.json,opt_algos_logfiles\btor2-algos-opt.2025-12-07_02-16-12.logfiles\btor2-bounded.adding.1.prop1-back-serstep.yml.log
BMC_BTOR,schedule_world.2.prop1-back-serstep.btor2,schedule_world.2,8,727,3,3,883,fight_xcfa\btor2-xcfa\schedule_world.2.prop1-back-serstep.yml\xcfa.json,opt_algos_logfiles\btor2-algos-opt.2025-12-07_02-16-12.logfiles\btor2-bounded.adding.1.prop1-back-serstep.yml.log
BMC_BTOR,schedule_world.2.prop1-func-interl.btor2,schedule_world.2,8,727,3,3,883,fight_xcfa\btor2-xcfa\schedule_world.2.prop1-back-serstep.yml\xcfa.json,opt_algos_logfiles\btor2-algos-opt.2025-12-07_02-16-12.logfiles\btor2-bounded.adding.1.prop1-back-serstep.yml.log
BMC_BTOR,schedule_world.3.prop1-back-serstep.btor2,schedule_world.3,8,934,3,3,1126,fight_xcfa\btor2-xcfa\schedule_world.3.prop1-back-serstep.yml\xcfa.json,opt_algos_logfiles\btor2-algos-opt.2025-12-07_02-16-12.logfiles\btor2-bounded.adding.1.prop1-back-serstep.yml.log
BMC_BTOR,schedule_world.3.prop1-func-interl.btor2,schedule_world.3,8,934,3,3,1126,fight_xcfa\btor2-xcfa\schedule_world.3.prop1-back-serstep.yml\xcfa.json,opt_algos_logfiles\btor2-algos-opt.2025-12-07_02-16-12.logfiles\btor2-bounded.adding.1.prop1-back-serstep.yml.log
BMC_BTOR,count2.btor2,count2,8,3,3,3,8,fight_xcfa\btor2-xcfa\count2.yml\xcfa.json,opt_algos_logfiles\btor2-algos-opt.2025-12-07_02-16-12.logfiles\btor2-bounded.adding.1.prop1-back-serstep.yml.log
BMC_BTOR,count4.btor2,count4,8,3,3,3,8,fight_xcfa\btor2-xcfa\count4.yml\xcfa.json,opt_algos_logfiles\btor2-algos-opt.2025-12-07_02-16-12.logfiles\btor2-bounded.adding.1.prop1-back-serstep.yml.log
BMC_BTOR,factorial4even.btor2,factorial4even,8,8,4,5,17,fight_xcfa\btor2-xcfa\factorial4even.yml\xcfa.json,opt_algos_logfiles\btor2-algos-opt.2025-12-07_02-16-12.logfiles\btor2-bounded.adding.1.prop1-back-serstep.yml.log
BMC_BTOR,recount4.btor2,recount4,8,7,3,3,16,fight_xcfa\btor2-xcfa\recount4.yml\xcfa.json,opt_algos_logfiles\btor2-algos-opt.2025-12-07_02-16-12.logfiles\btor2-bounded.adding.1.prop1-back-serstep.yml.log
BMC_BTOR,twocount2.btor2,twocount2,8,10,3,3,22,fight_xcfa\btor2-xcfa\twocount2.yml\xcfa.json,opt_algos_logfiles\btor2-algos-opt.2025-12-07_02-16-12.logfiles\btor2-bounded.adding.1.prop1-back-serstep.yml.log
BMC_BTOR,twocount32.btor2,twocount32,8,10,3,3,22,fight_xcfa\btor2-xcfa\twocount32.yml\xcfa.json,opt_algos_logfiles\btor2-algos-opt.2025-12-07_02-16-12.logfiles\btor2-bounded.adding.1.prop1-back-serstep.yml.log
BMC_BTOR,stack-p1.btor2,stack-p1,8,802,3,3,835,fight_xcfa\btor2-xcfa\stack-p1.yml\xcfa.json,opt_algos_logfiles\btor2-algos-opt.2025-12-07_02-16-12.logfiles\btor2-bounded.adding.1.prop1-back-serstep.yml.log
BMC_C,driving_phils.2.prop1-func-interl.c,driving_phils.2,14,2551,5,4,6027,fight_xcfa\c-xcfa\driving_phils.2.prop1-back-serstep.yml\xcfa.json,opt_algos_logfiles\c-algos.2025-12-07_02-30-26.logfiles\c-bounded.adding.1.prop1-back-serstep.yml.log
BMC_C,count2.c,count2,14,11,5,4,30,fight_xcfa\c-xcfa\count2.yml\xcfa.json,opt_algos_logfiles\c-algos.2025-12-07_02-30-26.logfiles\c-bounded.adding.1.prop1-back-serstep.yml.log
BMC_C,count4.c,count4,14,11,5,4,30,fight_xcfa\c-xcfa\count4.yml\xcfa.json,opt_algos_logfiles\c-algos.2025-12-07_02-30-26.logfiles\c-bounded.adding.1.prop1-back-serstep.yml.log
BMC_C,factorial4even.c,factorial4even,14,25,5,5,70,fight_xcfa\c-xcfa\factorial4even.yml\xcfa.json,opt_algos_logfiles\c-algos.2025-12-07_02-30-26.logfiles\c-bounded.adding.1.prop1-back-serstep.yml.log
BMC_C,recount4.c,recount4,14,20,5,4,60,fight_xcfa\c-xcfa\recount4.yml\xcfa.json,opt_algos_logfiles\c-algos.2025-12-07_02-30-26.logfiles\c-bounded.adding.1.prop1-back-serstep.yml.log
BMC_C,twocount2.c,twocount2,14,30,5,4,82,fight_xcfa\c-xcfa\twocount2.yml\xcfa.json,opt_algos_logfiles\c-algos.2025-12-07_02-30-26.logfiles\c-bounded.adding.1.prop1-back-serstep.yml.log
BMC_C,twocount32.c,twocount32,14,28,5,4,74,fight_xcfa\c-xcfa\twocount32.yml\xcfa.json,opt_algos_logfiles\c-algos.2025-12-07_02-30-26.logfiles\c-bounded.adding.1.prop1-back-serstep.yml.log
IMC_BTOR,anderson.1.prop1-back-serstep.btor2,anderson.1,4,287,3,3,353,fight_xcfa\btor2-xcfa\anderson.1.prop1-back-serstep.yml\xcfa.json,opt_algos_logfiles\btor2-algos-opt.2025-12-07_02-16-12.logfiles\btor2-imc.adding.1.prop1-back-serstep.yml.log
IMC_BTOR,driving_phils.1.prop1-back-serstep.btor2,driving_phils.1,4,934,3,3,1091,fight_xcfa\btor2-xcfa\driving_phils.1.prop1-back-serstep.yml\xcfa.json,opt_algos_logfiles\btor2-algos-opt.2025-12-07_02-16-12.logfiles\btor2-imc.adding.1.prop1-back-serstep.yml.log
IMC_BTOR,driving_phils.1.prop1-func-interl.btor2,driving_phils.1,4,934,3,3,1091,fight_xcfa\btor2-xcfa\driving_phils.1.prop1-back-serstep.yml\xcfa.json,opt_algos_logfiles\btor2-algos-opt.2025-12-07_02-16-12.logfiles\btor2-imc.adding.1.prop1-back-serstep.yml.log
IMC_BTOR,driving_phils.2.prop1-back-serstep.btor2,driving_phils.2,4,974,3,3,1162,fight_xcfa\btor2-xcfa\driving_phils.2.prop1-back-serstep.yml\xcfa.json,opt_algos_logfiles\btor2-algos-opt.2025-12-07_02-16-12.logfiles\btor2-imc.adding.1.prop1-back-serstep.yml.log
IMC_BTOR,driving_phils.2.prop1-func-interl.btor2,driving_phils.2,4,974,3,3,1162,fight_xcfa\btor2-xcfa\driving_phils.2.prop1-back-serstep.yml\xcfa.json,opt_algos_logfiles\btor2-algos-opt.2025-12-07_02-16-12.logfiles\btor2-imc.adding.1.prop1-back-serstep.yml.log
IMC_BTOR,driving_phils.3.prop1-back-serstep.btor2,driving_phils.3,4,1270,3,3,1472,fight_xcfa\btor2-xcfa\driving_phils.3.prop1-back-serstep.yml\xcfa.json,opt_algos_logfiles\btor2-algos-opt.2025-12-07_02-16-12.logfiles\btor2-imc.adding.1.prop1-back-serstep.yml.log
IMC_BTOR,driving_phils.3.prop1-func-interl.btor2,driving_phils.3,4,1270,3,3,1472,fight_xcfa\btor2-xcfa\driving_phils.3.prop1-back-serstep.yml\xcfa.json,opt_algos_logfiles\btor2-algos-opt.2025-12-07_02-16-12.logfiles\btor2-imc.adding.1.prop1-back-serstep.yml.log
IMC_BTOR,driving_phils.4.prop1-back-serstep.btor2,driving_phils.4,4,1410,3,3,1645,fight_xcfa\btor2-xcfa\driving_phils.4.prop1-back-serstep.yml\xcfa.json,opt_algos_logfiles\btor2-algos-opt.2025-12-07_02-16-12.logfiles\btor2-imc.adding.1.prop1-back-serstep.yml.log
IMC_BTOR,driving_phils.4.prop1-func-interl.btor2,driving_phils.4,4,1410,3,3,1645,fight_xcfa\btor2-xcfa\driving_phils.4.prop1-back-serstep.yml\xcfa.json,opt_algos_logfiles\btor2-algos-opt.2025-12-07_02-16-12.logfiles\btor2-imc.adding.1.prop1-back-serstep.yml.log
IMC_BTOR,driving_phils.5.prop1-back-serstep.btor2,driving_phils.5,4,1214,3,3,1439,fight_xcfa\btor2-xcfa\driving_phils.5.prop1-back-serstep.yml\xcfa.json,opt_algos_logfiles\btor2-algos-opt.2025-12-07_02-16-12.logfiles\btor2-imc.adding.1.prop1-back-serstep.yml.log
IMC_BTOR,driving_phils.5.prop1-func-interl.btor2,driving_phils.5,4,1214,3,3,1439,fight_xcfa\btor2-xcfa\driving_phils.5.prop1-back-serstep.yml\xcfa.json,opt_algos_logfiles\btor2-algos-opt.2025-12-07_02-16-12.logfiles\btor2-imc.adding.1.prop1-back-serstep.yml.log
IMC_BTOR,lup.1.prop1-func-interl.btor2,lup.1,4,912,3,3,1043,fight_xcfa\btor2-xcfa\lup.1.prop1-back-serstep.yml\xcfa.json,opt_algos_logfiles\btor2-algos-opt.2025-12-07_02-16-12.logfiles\btor2-imc.adding.1.prop1-back-serstep.yml.log
IMC_BTOR,lup.2.prop1-func-interl.btor2,lup.2,4,1894,3,3,2145,fight_xcfa\btor2-xcfa\lup.2.prop1-back-serstep.yml\xcfa.json,opt_algos_logfiles\btor2-algos-opt.2025-12-07_02-16-12.logfiles\btor2-imc.adding.1.prop1-back-serstep.yml.log
IMC_BTOR,lup.3.prop1-func-interl.btor2,lup.3,4,2147,3,3,2428,fight_xcfa\btor2-xcfa\lup.3.prop1-back-serstep.yml\xcfa.json,opt_algos_logfiles\btor2-algos-opt.2025-12-07_02-16-12.logfiles\btor2-imc.adding.1.prop1-back-serstep.yml.log
IMC_BTOR,lup.4.prop1-func-interl.btor2,lup.4,4,2403,3,3,2714,fight_xcfa\btor2-xcfa\lup.4.prop1-back-serstep.yml\xcfa.json,opt_algos_logfiles\btor2-algos-opt.2025-12-07_02-16-12.logfiles\btor2-imc.adding.1.prop1-back-serstep.yml.log
IMC_BTOR,peterson.3.prop1-back-serstep.btor2,peterson.3,4,481,3,3,599,fight_xcfa\btor2-xcfa\peterson.3.prop1-back-serstep.yml\xcfa.json,opt_algos_logfiles\btor2-algos-opt.2025-12-07_02-16-12.logfiles\btor2-imc.adding.1.prop1-back-serstep.yml.log
IMC_BTOR,production_cell.1.prop1-back-serstep.btor2,production_cell.1,4,724,3,3,901,fight_xcfa\btor2-xcfa\production_cell.1.prop1-back-serstep.yml\xcfa.json,opt_algos_logfiles\btor2-algos-opt.2025-12-07_02-16-12.logfiles\btor2-imc.adding.1.prop1-back-serstep.yml.log
IMC_BTOR,production_cell.1.prop1-func-interl.btor2,production_cell.1,4,724,3,3,901,fight_xcfa\btor2-xcfa\production_cell.1.prop1-back-serstep.yml\xcfa.json,opt_algos_logfiles\btor2-algos-opt.2025-12-07_02-16-12.logfiles\btor2-imc.adding.1.prop1-back-serstep.yml.log
IMC_BTOR,production_cell.3.prop1-back-serstep.btor2,production_cell.3,4,1039,3,3,1276,fight_xcfa\btor2-xcfa\production_cell.3.prop1-back-serstep.yml\xcfa.json,opt_algos_logfiles\btor2-algos-opt.2025-12-07_02-16-12.logfiles\btor2-imc.adding.1.prop1-back-serstep.yml.log
IMC_BTOR,production_cell.3.prop1-func-interl.btor2,production_cell.3,4,1039,3,3,1276,fight_xcfa\btor2-xcfa\production_cell.3.prop1-back-serstep.yml\xcfa.json,opt_algos_logfiles\btor2-algos-opt.2025-12-07_02-16-12.logfiles\btor2-imc.adding.1.prop1-back-serstep.yml.log
IMC_BTOR,production_cell.5.prop1-back-serstep.btor2,production_cell.5,4,1249,3,3,1526,fight_xcfa\btor2-xcfa\production_cell.5.prop1-back-serstep.yml\xcfa.json,opt_algos_logfiles\btor2-algos-opt.2025-12-07_02-16-12.logfiles\btor2-imc.adding.1.prop1-back-serstep.yml.log
IMC_BTOR,production_cell.5.prop1-func-interl.btor2,production_cell.5,4,1249,3,3,1526,fight_xcfa\btor2-xcfa\production_cell.5.prop1-back-serstep.yml\xcfa.json,opt_algos_logfiles\btor2-algos-opt.2025-12-07_02-16-12.logfiles\btor2-imc.adding.1.prop1-back-serstep.yml.log
IMC_BTOR,production_cell.6.prop1-back-serstep.btor2,production_cell.6,4,1459,3,3,1776,fight_xcfa\btor2-xcfa\production_cell.6.prop1-back-serstep.yml\xcfa.json,opt_algos_logfiles\btor2-algos-opt.2025-12-07_02-16-12.logfiles\btor2-imc.adding.1.prop1-back-serstep.yml.log
IMC_BTOR,production_cell.6.prop1-func-interl.btor2,production_cell.6,4,1459,3,3,1776,fight_xcfa\btor2-xcfa\production_cell.6.prop1-back-serstep.yml\xcfa.json,opt_algos_logfiles\btor2-algos-opt.2025-12-07_02-16-12.logfiles\btor2-imc.adding.1.prop1-back-serstep.yml.log
IMC_BTOR,protocols.1.prop1-back-serstep.btor2,protocols.1,4,324,3,3,420,fight_xcfa\btor2-xcfa\protocols.1.prop1-back-serstep.yml\xcfa.json,opt_algos_logfiles\btor2-algos-opt.2025-12-07_02-16-12.logfiles\btor2-imc.adding.1.prop1-back-serstep.yml.log
IMC_BTOR,protocols.1.prop1-func-interl.btor2,protocols.1,4,324,3,3,420,fight_xcfa\btor2-xcfa\protocols.1.prop1-back-serstep.yml\xcfa.json,opt_algos_logfiles\btor2-algos-opt.2025-12-07_02-16-12.logfiles\btor2-imc.adding.1.prop1-back-serstep.yml.log
IMC_BTOR,protocols.2.prop1-back-serstep.btor2,protocols.2,4,367,3,3,474,fight_xcfa\btor2-xcfa\protocols.2.prop1-back-serstep.yml\xcfa.json,opt_algos_logfiles\btor2-algos-opt.2025-12-07_02-16-12.logfiles\btor2-imc.adding.1.prop1-back-serstep.yml.log
IMC_BTOR,protocols.2.prop1-func-interl.btor2,protocols.2,4,367,3,3,474,fight_xcfa\btor2-xcfa\protocols.2.prop1-back-serstep.yml\xcfa.json,opt_algos_logfiles\btor2-algos-opt.2025-12-07_02-16-12.logfiles\btor2-imc.adding.1.prop1-back-serstep.yml.log
IMC_BTOR,protocols.5.prop1-back-serstep.btor2,protocols.5,4,459,3,3,581,fight_xcfa\btor2-xcfa\protocols.5.prop1-back-serstep.yml\xcfa.json,opt_algos_logfiles\btor2-algos-opt.2025-12-07_02-16-12.logfiles\btor2-imc.adding.1.prop1-back-serstep.yml.log
IMC_BTOR,resistance.1.prop1-back-serstep.btor2,resistance.1,4,476,3,3,582,fight_xcfa\btor2-xcfa\resistance.1.prop1-back-serstep.yml\xcfa.json,opt_algos_logfiles\btor2-algos-opt.2025-12-07_02-16-12.logfiles\btor2-imc.adding.1.prop1-back-serstep.yml.log
IMC_BTOR,resistance.1.prop1-func-interl.btor2,resistance.1,4,476,3,3,582,fight_xcfa\btor2-xcfa\resistance.1.prop1-back-serstep.yml\xcfa.json,opt_algos_logfiles\btor2-algos-opt.2025-12-07_02-16-12.logfiles\btor2-imc.adding.1.prop1-back-serstep.yml.log
IMC_BTOR,resistance.1.prop2-back-serstep.btor2,resistance.1,4,476,3,3,582,fight_xcfa\btor2-xcfa\resistance.1.prop1-back-serstep.yml\xcfa.json,opt_algos_logfiles\btor2-algos-opt.2025-12-07_02-16-12.logfiles\btor2-imc.adding.1.prop1-back-serstep.yml.log
IMC_BTOR,resistance.1.prop2-func-interl.btor2,resistance.1,4,476,3,3,582,fight_xcfa\btor2-xcfa\resistance.1.prop1-back-serstep.yml\xcfa.json,opt_algos_logfiles\btor2-algos-opt.2025-12-07_02-16-12.logfiles\btor2-imc.adding.1.prop1-back-serstep.yml.log
IMC_BTOR,resistance.1.prop3-func-interl.btor2,resistance.1,4,476,3,3,582,fight_xcfa\btor2-xcfa\resistance.1.prop1-back-serstep.yml\xcfa.json,opt_algos_logfiles\btor2-algos-opt.2025-12-07_02-16-12.logfiles\btor2-imc.adding.1.prop1-back-serstep.yml.log
IMC_BTOR,resistance.2.prop1-back-serstep.btor2,resistance.2,4,589,3,3,714,fight_xcfa\btor2-xcfa\resistance.2.prop1-back-serstep.yml\xcfa.json,opt_algos_logfiles\btor2-algos-opt.2025-12-07_02-16-12.logfiles\btor2-imc.adding.1.prop1-back-serstep.yml.log
IMC_BTOR,resistance.2.prop1-func-interl.btor2,resistance.2,4,589,3,3,714,fight_xcfa\btor2-xcfa\resistance.2.prop1-back-serstep.yml\xcfa.json,opt_algos_logfiles\btor2-algos-opt.2025-12-07_02-16-12.logfiles\btor2-imc.adding.1.prop1-back-serstep.yml.log
IMC_BTOR,resistance.2.prop2-func-interl.btor2,resistance.2,4,589,3,3,714,fight_xcfa\btor2-xcfa\resistance.2.prop1-back-serstep.yml\xcfa.json,opt_algos_logfiles\btor2-algos-opt.2025-12-07_02-16-12.logfiles\btor2-imc.adding.1.prop1-back-serstep.yml.log
IMC_BTOR,resistance.2.prop3-func-interl.btor2,resistance.2,4,589,3,3,714,fight_xcfa\btor2-xcfa\resistance.2.prop1-back-serstep.yml\xcfa.json,opt_algos_logfiles\btor2-algos-opt.2025-12-07_02-16-12.logfiles\btor2-imc.adding.1.prop1-back-serstep.yml.log
IMC_BTOR,schedule_world.1.prop1-func-interl.btor2,schedule_world.1,4,520,3,3,640,fight_xcfa\btor2-xcfa\schedule_world.1.prop1-back-serstep.yml\xcfa.json,opt_algos_logfiles\btor2-algos-opt.2025-12-07_02-16-12.logfiles\btor2-imc.adding.1.prop1-back-serstep.yml.log
IMC_BTOR,schedule_world.2.prop1-back-serstep.btor2,schedule_world.2,4,727,3,3,883,fight_xcfa\btor2-xcfa\schedule_world.2.prop1-back-serstep.yml\xcfa.json,opt_algos_logfiles\btor2-algos-opt.2025-12-07_02-16-12.logfiles\btor2-imc.adding.1.prop1-back-serstep.yml.log
IMC_BTOR,schedule_world.2.prop1-func-interl.btor2,schedule_world.2,4,727,3,3,883,fight_xcfa\btor2-xcfa\schedule_world.2.prop1-back-serstep.yml\xcfa.json,opt_algos_logfiles\btor2-algos-opt.2025-12-07_02-16-12.logfiles\btor2-imc.adding.1.prop1-back-serstep.yml.log
IMC_BTOR,schedule_world.3.prop1-back-serstep.btor2,schedule_world.3,4,934,3,3,1126,fight_xcfa\btor2-xcfa\schedule_world.3.prop1-back-serstep.yml\xcfa.json,opt_algos_logfiles\btor2-algos-opt.2025-12-07_02-16-12.logfiles\btor2-imc.adding.1.prop1-back-serstep.yml.log
IMC_BTOR,schedule_world.3.prop1-func-interl.btor2,schedule_world.3,4,934,3,3,1126,fight_xcfa\btor2-xcfa\schedule_world.3.prop1-back-serstep.yml\xcfa.json,opt_algos_logfiles\btor2-algos-opt.2025-12-07_02-16-12.logfiles\btor2-imc.adding.1.prop1-back-serstep.yml.log
IMC_BTOR,count2.btor2,count2,4,3,3,3,8,fight_xcfa\btor2-xcfa\count2.yml\xcfa.json,opt_algos_logfiles\btor2-algos-opt.2025-12-07_02-16-12.logfiles\btor2-imc.adding.1.prop1-back-serstep.yml.log
IMC_BTOR,count4.btor2,count4,4,3,3,3,8,fight_xcfa\btor2-xcfa\count4.yml\xcfa.json,opt_algos_logfiles\btor2-algos-opt.2025-12-07_02-16-12.logfiles\btor2-imc.adding.1.prop1-back-serstep.yml.log
IMC_BTOR,twocount2.btor2,twocount2,4,10,3,3,22,fight_xcfa\btor2-xcfa\twocount2.yml\xcfa.json,opt_algos_logfiles\btor2-algos-opt.2025-12-07_02-16-12.logfiles\btor2-imc.adding.1.prop1-back-serstep.yml.log
IMC_BTOR,twocount32.btor2,twocount32,4,10,3,3,22,fight_xcfa\btor2-xcfa\twocount32.yml\xcfa.json,opt_algos_logfiles\btor2-algos-opt.2025-12-07_02-16-12.logfiles\btor2-imc.adding.1.prop1-back-serstep.yml.log
IMC_BTOR,Huffman_dec.btor2,Huffman_dec,4,193,3,3,285,fight_xcfa\btor2-xcfa\Huffman_dec.yml\xcfa.json,opt_algos_logfiles\btor2-algos-opt.2025-12-07_02-16-12.logfiles\btor2-imc.adding.1.prop1-back-serstep.yml.log
IMC_BTOR,Huffman_enc.btor2,Huffman_enc,4,103,3,3,115,fight_xcfa\btor2-xcfa\Huffman_enc.yml\xcfa.json,opt_algos_logfiles\btor2-algos-opt.2025-12-07_02-16-12.logfiles\btor2-imc.adding.1.prop1-back-serstep.yml.log
IMC_BTOR,stack-p1.btor2,stack-p1,4,802,3,3,835,fight_xcfa\btor2-xcfa\stack-p1.yml\xcfa.json,opt_algos_logfiles\btor2-algos-opt.2025-12-07_02-16-12.logfiles\btor2-imc.adding.1.prop1-back-serstep.yml.log
IMC_BTOR,stack-p2.btor2,stack-p2,4,735,3,3,768,fight_xcfa\btor2-xcfa\stack-p2.yml\xcfa.json,opt_algos_logfiles\btor2-algos-opt.2025-12-07_02-16-12.logfiles\btor2-imc.adding.1.prop1-back-serstep.yml.log
IMC_C,lup.1.prop1-func-interl.c,lup.1,9,2442,5,4,5702,fight_xcfa\c-xcfa\lup.1.prop1-back-serstep.yml\xcfa.json,opt_algos_logfiles\c-algos.2025-12-07_02-30-26.logfiles\c-imc.adding.1.prop1-back-serstep.yml.log
IMC_C,production_cell.1.prop1-func-interl.c,production_cell.1,9,1993,5,4,4785,fight_xcfa\c-xcfa\production_cell.1.prop1-back-serstep.yml\xcfa.json,opt_algos_logfiles\c-algos.2025-12-07_02-30-26.logfiles\c-imc.adding.1.prop1-back-serstep.yml.log
IMC_C,resistance.1.prop1-func-interl.c,resistance.1,9,1285,5,4,3149,fight_xcfa\c-xcfa\resistance.1.prop1-back-serstep.yml\xcfa.json,opt_algos_logfiles\c-algos.2025-12-07_02-30-26.logfiles\c-imc.adding.1.prop1-back-serstep.yml.log
IMC_C,resistance.1.prop2-func-interl.c,resistance.1,9,1285,5,4,3149,fight_xcfa\c-xcfa\resistance.1.prop1-back-serstep.yml\xcfa.json,opt_algos_logfiles\c-algos.2025-12-07_02-30-26.logfiles\c-imc.adding.1.prop1-back-serstep.yml.log
IMC_C,resistance.1.prop3-func-interl.c,resistance.1,9,1285,5,4,3149,fight_xcfa\c-xcfa\resistance.1.prop1-back-serstep.yml\xcfa.json,opt_algos_logfiles\c-algos.2025-12-07_02-30-26.logfiles\c-imc.adding.1.prop1-back-serstep.yml.log
IMC_C,resistance.2.prop2-func-interl.c,resistance.2,9,1586,5,4,3887,fight_xcfa\c-xcfa\resistance.2.prop1-back-serstep.yml\xcfa.json,opt_algos_logfiles\c-algos.2025-12-07_02-30-26.logfiles\c-imc.adding.1.prop1-back-serstep.yml.log
IMC_C,resistance.2.prop3-func-interl.c,resistance.2,9,1586,5,4,3887,fight_xcfa\c-xcfa\resistance.2.prop1-back-serstep.yml\xcfa.json,opt_algos_logfiles\c-algos.2025-12-07_02-30-26.logfiles\c-imc.adding.1.prop1-back-serstep.yml.log
IMC_C,count2.c,count2,9,11,5,4,30,fight_xcfa\c-xcfa\count2.yml\xcfa.json,opt_algos_logfiles\c-algos.2025-12-07_02-30-26.logfiles\c-imc.adding.1.prop1-back-serstep.yml.log
IMC_C,count4.c,count4,9,11,5,4,30,fight_xcfa\c-xcfa\count4.yml\xcfa.json,opt_algos_logfiles\c-algos.2025-12-07_02-30-26.logfiles\c-imc.adding.1.prop1-back-serstep.yml.log
IMC_C,twocount2.c,twocount2,9,30,5,4,82,fight_xcfa\c-xcfa\twocount2.yml\xcfa.json,opt_algos_logfiles\c-algos.2025-12-07_02-30-26.logfiles\c-imc.adding.1.prop1-back-serstep.yml.log
IMC_C,twocount32.c,twocount32,9,28,5,4,74,fight_xcfa\c-xcfa\twocount32.yml\xcfa.json,opt_algos_logfiles\c-algos.2025-12-07_02-30-26.logfiles\c-imc.adding.1.prop1-back-serstep.yml.log
IMC_C,Huffman_dec.c,Huffman_dec,9,448,5,4,990,fight_xcfa\c-xcfa\Huffman_dec.yml\xcfa.json,opt_algos_logfiles\c-algos.2025-12-07_02-30-26.logfiles\c-imc.adding.1.prop1-back-serstep.yml.log
IMC_C,Huffman_enc.c,Huffman_enc,9,240,5,4,516,fight_xcfa\c-xcfa\Huffman_enc.yml\xcfa.json,opt_algos_logfiles\c-algos.2025-12-07_02-30-26.logfiles\c-imc.adding.1.prop1-back-serstep.yml.log
KIND_BTOR,adding.1.prop1-back-serstep.btor2,adding.1,8,138,3,3,178,fight_xcfa\btor2-xcfa\adding.1.prop1-back-serstep.yml\xcfa.json,opt_algos_logfiles\btor2-algos-opt.2025-12-07_02-16-12.logfiles\btor2-kind.adding.1.prop1-back-serstep.yml.log
KIND_BTOR,anderson.1.prop1-back-serstep.btor2,anderson.1,8,287,3,3,353,fight_xcfa\btor2-xcfa\anderson.1.prop1-back-serstep.yml\xcfa.json,opt_algos_logfiles\btor2-algos-opt.2025-12-07_02-16-12.logfiles\btor2-kind.adding.1.prop1-back-serstep.yml.log
KIND_BTOR,anderson.3.prop1-back-serstep.btor2,anderson.3,8,450,3,3,545,fight_xcfa\btor2-xcfa\anderson.3.prop1-back-serstep.yml\xcfa.json,opt_algos_logfiles\btor2-algos-opt.2025-12-07_02-16-12.logfiles\btor2-kind.adding.1.prop1-back-serstep.yml.log
KIND_BTOR,bakery.2.prop1-back-serstep.btor2,bakery.2,8,367,3,3,449,fight_xcfa\btor2-xcfa\bakery.2.prop1-back-serstep.yml\xcfa.json,opt_algos_logfiles\btor2-algos-opt.2025-12-07_02-16-12.logfiles\btor2-kind.adding.1.prop1-back-serstep.yml.log
KIND_BTOR,driving_phils.1.prop1-back-serstep.btor2,driving_phils.1,8,934,3,3,1091,fight_xcfa\btor2-xcfa\driving_phils.1.prop1-back-serstep.yml\xcfa.json,opt_algos_logfiles\btor2-algos-opt.2025-12-07_02-16-12.logfiles\btor2-kind.adding.1.prop1-back-serstep.yml.log
KIND_BTOR,driving_phils.1.prop1-func-interl.btor2,driving_phils.1,8,934,3,3,1091,fight_xcfa\btor2-xcfa\driving_phils.1.prop1-back-serstep.yml\xcfa.json,opt_algos_logfiles\btor2-algos-opt.2025-12-07_02-16-12.logfiles\btor2-kind.adding.1.prop1-back-serstep.yml.log
KIND_BTOR,driving_phils.2.prop1-back-serstep.btor2,driving_phils.2,8,974,3,3,1162,fight_xcfa\btor2-xcfa\driving_phils.2.prop1-back-serstep.yml\xcfa.json,opt_algos_logfiles\btor2-algos-opt.2025-12-07_02-16-12.logfiles\btor2-kind.adding.1.prop1-back-serstep.yml.log
KIND_BTOR,driving_phils.2.prop1-func-interl.btor2,driving_phils.2,8,974,3,3,1162,fight_xcfa\btor2-xcfa\driving_phils.2.prop1-back-serstep.yml\xcfa.json,opt_algos_logfiles\btor2-algos-opt.2025-12-07_02-16-12.logfiles\btor2-kind.adding.1.prop1-back-serstep.yml.log
KIND_BTOR,driving_phils.3.prop1-back-serstep.btor2,driving_phils.3,8,1270,3,3,1472,fight_xcfa\btor2-xcfa\driving_phils.3.prop1-back-serstep.yml\xcfa.json,opt_algos_logfiles\btor2-algos-opt.2025-12-07_02-16-12.logfiles\btor2-kind.adding.1.prop1-back-serstep.yml.log
KIND_BTOR,driving_phils.3.prop1-func-interl.btor2,driving_phils.3,8,1270,3,3,1472,fight_xcfa\btor2-xcfa\driving_phils.3.prop1-back-serstep.yml\xcfa.json,opt_algos_logfiles\btor2-algos-opt.2025-12-07_02-16-12.logfiles\btor2-kind.adding.1.prop1-back-serstep.yml.log
KIND_BTOR,driving_phils.4.prop1-back-serstep.btor2,driving_phils.4,8,1410,3,3,1645,fight_xcfa\btor2-xcfa\driving_phils.4.prop1-back-serstep.yml\xcfa.json,opt_algos_logfiles\btor2-algos-opt.2025-12-07_02-16-12.logfiles\btor2-kind.adding.1.prop1-back-serstep.yml.log
KIND_BTOR,driving_phils.4.prop1-func-interl.btor2,driving_phils.4,8,1410,3,3,1645,fight_xcfa\btor2-xcfa\driving_phils.4.prop1-back-serstep.yml\xcfa.json,opt_algos_logfiles\btor2-algos-opt.2025-12-07_02-16-12.logfiles\btor2-kind.adding.1.prop1-back-serstep.yml.log
KIND_BTOR,driving_phils.5.prop1-back-serstep.btor2,driving_phils.5,8,1214,3,3,1439,fight_xcfa\btor2-xcfa\driving_phils.5.prop1-back-serstep.yml\xcfa.json,opt_algos_logfiles\btor2-algos-opt.2025-12-07_02-16-12.logfiles\btor2-kind.adding.1.prop1-back-serstep.yml.log
KIND_BTOR,driving_phils.5.prop1-func-interl.btor2,driving_phils.5,8,1214,3,3,1439,fight_xcfa\btor2-xcfa\driving_phils.5.prop1-back-serstep.yml\xcfa.json,opt_algos_logfiles\btor2-algos-opt.2025-12-07_02-16-12.logfiles\btor2-kind.adding.1.prop1-back-serstep.yml.log
KIND_BTOR,krebs.1.prop1-func-interl.btor2,krebs.1,8,417,3,3,518,fight_xcfa\btor2-xcfa\krebs.1.prop1-back-serstep.yml\xcfa.json,opt_algos_logfiles\btor2-algos-opt.2025-12-07_02-16-12.logfiles\btor2-kind.adding.1.prop1-back-serstep.yml.log
KIND_BTOR,lup.1.prop1-func-interl.btor2,lup.1,8,912,3,3,1043,fight_xcfa\btor2-xcfa\lup.1.prop1-back-serstep.yml\xcfa.json,opt_algos_logfiles\btor2-algos-opt.2025-12-07_02-16-12.logfiles\btor2-kind.adding.1.prop1-back-serstep.yml.log
KIND_BTOR,lup.2.prop1-func-interl.btor2,lup.2,8,1894,3,3,2145,fight_xcfa\btor2-xcfa\lup.2.prop1-back-serstep.yml\xcfa.json,opt_algos_logfiles\btor2-algos-opt.2025-12-07_02-16-12.logfiles\btor2-kind.adding.1.prop1-back-serstep.yml.log
KIND_BTOR,lup.3.prop1-func-interl.btor2,lup.3,8,2147,3,3,2428,fight_xcfa\btor2-xcfa\lup.3.prop1-back-serstep.yml\xcfa.json,opt_algos_logfiles\btor2-algos-opt.2025-12-07_02-16-12.logfiles\btor2-kind.adding.1.prop1-back-serstep.yml.log
KIND_BTOR,lup.4.prop1-func-interl.btor2,lup.4,8,2403,3,3,2714,fight_xcfa\btor2-xcfa\lup.4.prop1-back-serstep.yml\xcfa.json,opt_algos_logfiles\btor2-algos-opt.2025-12-07_02-16-12.logfiles\btor2-kind.adding.1.prop1-back-serstep.yml.log
KIND_BTOR,peterson.3.prop1-back-serstep.btor2,peterson.3,8,481,3,3,599,fight_xcfa\btor2-xcfa\peterson.3.prop1-back-serstep.yml\xcfa.json,opt_algos_logfiles\btor2-algos-opt.2025-12-07_02-16-12.logfiles\btor2-kind.adding.1.prop1-back-serstep.yml.log
KIND_BTOR,production_cell.1.prop1-back-serstep.btor2,production_cell.1,8,724,3,3,901,fight_xcfa\btor2-xcfa\production_cell.1.prop1-back-serstep.yml\xcfa.json,opt_algos_logfiles\btor2-algos-opt.2025-12-07_02-16-12.logfiles\btor2-kind.adding.1.prop1-back-serstep.yml.log
KIND_BTOR,production_cell.1.prop1-func-interl.btor2,production_cell.1,8,724,3,3,901,fight_xcfa\btor2-xcfa\production_cell.1.prop1-back-serstep.yml\xcfa.json,opt_algos_logfiles\btor2-algos-opt.2025-12-07_02-16-12.logfiles\btor2-kind.adding.1.prop1-back-serstep.yml.log
KIND_BTOR,production_cell.3.prop1-back-serstep.btor2,production_cell.3,8,1039,3,3,1276,fight_xcfa\btor2-xcfa\production_cell.3.prop1-back-serstep.yml\xcfa.json,opt_algos_logfiles\btor2-algos-opt.2025-12-07_02-16-12.logfiles\btor2-kind.adding.1.prop1-back-serstep.yml.log
KIND_BTOR,production_cell.3.prop1-func-interl.btor2,production_cell.3,8,1039,3,3,1276,fight_xcfa\btor2-xcfa\production_cell.3.prop1-back-serstep.yml\xcfa.json,opt_algos_logfiles\btor2-algos-opt.2025-12-07_02-16-12.logfiles\btor2-kind.adding.1.prop1-back-serstep.yml.log
KIND_BTOR,production_cell.5.prop1-back-serstep.btor2,production_cell.5,8,1249,3,3,1526,fight_xcfa\btor2-xcfa\production_cell.5.prop1-back-serstep.yml\xcfa.json,opt_algos_logfiles\btor2-algos-opt.2025-12-07_02-16-12.logfiles\btor2-kind.adding.1.prop1-back-serstep.yml.log
KIND_BTOR,production_cell.5.prop1-func-interl.btor2,production_cell.5,8,1249,3,3,1526,fight_xcfa\btor2-xcfa\production_cell.5.prop1-back-serstep.yml\xcfa.json,opt_algos_logfiles\btor2-algos-opt.2025-12-07_02-16-12.logfiles\btor2-kind.adding.1.prop1-back-serstep.yml.log
KIND_BTOR,production_cell.6.prop1-back-serstep.btor2,production_cell.6,8,1459,3,3,1776,fight_xcfa\btor2-xcfa\production_cell.6.prop1-back-serstep.yml\xcfa.json,opt_algos_logfiles\btor2-algos-opt.2025-12-07_02-16-12.logfiles\btor2-kind.adding.1.prop1-back-serstep.yml.log
KIND_BTOR,production_cell.6.prop1-func-interl.btor2,production_cell.6,8,1459,3,3,1776,fight_xcfa\btor2-xcfa\production_cell.6.prop1-back-serstep.yml\xcfa.json,opt_algos_logfiles\btor2-algos-opt.2025-12-07_02-16-12.logfiles\btor2-kind.adding.1.prop1-back-serstep.yml.log
KIND_BTOR,protocols.1.prop1-back-serstep.btor2,protocols.1,8,324,3,3,420,fight_xcfa\btor2-xcfa\protocols.1.prop1-back-serstep.yml\xcfa.json,opt_algos_logfiles\btor2-algos-opt.2025-12-07_02-16-12.logfiles\btor2-kind.adding.1.prop1-back-serstep.yml.log
KIND_BTOR,protocols.1.prop1-func-interl.btor2,protocols.1,8,324,3,3,420,fight_xcfa\btor2-xcfa\protocols.1.prop1-back-serstep.yml\xcfa.json,opt_algos_logfiles\btor2-algos-opt.2025-12-07_02-16-12.logfiles\btor2-kind.adding.1.prop1-back-serstep.yml.log
KIND_BTOR,protocols.2.prop1-back-serstep.btor2,protocols.2,8,367,3,3,474,fight_xcfa\btor2-xcfa\protocols.2.prop1-back-serstep.yml\xcfa.json,opt_algos_logfiles\btor2-algos-opt.2025-12-07_02-16-12.logfiles\btor2-kind.adding.1.prop1-back-serstep.yml.log
KIND_BTOR,protocols.2.prop1-func-interl.btor2,protocols.2,8,367,3,3,474,fight_xcfa\btor2-xcfa\protocols.2.prop1-back-serstep.yml\xcfa.json,opt_algos_logfiles\btor2-algos-opt.2025-12-07_02-16-12.logfiles\btor2-kind.adding.1.prop1-back-serstep.yml.log
KIND_BTOR,protocols.3.prop1-back-serstep.btor2,protocols.3,8,459,3,3,581,fight_xcfa\btor2-xcfa\protocols.3.prop1-back-serstep.yml\xcfa.json,opt_algos_logfiles\btor2-algos-opt.2025-12-07_02-16-12.logfiles\btor2-kind.adding.1.prop1-back-serstep.yml.log
KIND_BTOR,protocols.3.prop1-func-interl.btor2,protocols.3,8,459,3,3,581,fight_xcfa\btor2-xcfa\protocols.3.prop1-back-serstep.yml\xcfa.json,opt_algos_logfiles\btor2-algos-opt.2025-12-07_02-16-12.logfiles\btor2-kind.adding.1.prop1-back-serstep.yml.log
KIND_BTOR,protocols.4.prop1-back-serstep.btor2,protocols.4,8,459,3,3,581,fight_xcfa\btor2-xcfa\protocols.4.prop1-back-serstep.yml\xcfa.json,opt_algos_logfiles\btor2-algos-opt.2025-12-07_02-16-12.logfiles\btor2-kind.adding.1.prop1-back-serstep.yml.log
KIND_BTOR,protocols.4.prop1-func-interl.btor2,protocols.4,8,459,3,3,581,fight_xcfa\btor2-xcfa\protocols.4.prop1-back-serstep.yml\xcfa.json,opt_algos_logfiles\btor2-algos-opt.2025-12-07_02-16-12.logfiles\btor2-kind.adding.1.prop1-back-serstep.yml.log
KIND_BTOR,protocols.5.prop1-back-serstep.btor2,protocols.5,8,459,3,3,581,fight_xcfa\btor2-xcfa\protocols.5.prop1-back-serstep.yml\xcfa.json,opt_algos_logfiles\btor2-algos-opt.2025-12-07_02-16-12.logfiles\btor2-kind.adding.1.prop1-back-serstep.yml.log
KIND_BTOR,protocols.5.prop1-func-interl.btor2,protocols.5,8,459,3,3,581,fight_xcfa\btor2-xcfa\protocols.5.prop1-back-serstep.yml\xcfa.json,opt_algos_logfiles\btor2-algos-opt.2025-12-07_02-16-12.logfiles\btor2-kind.adding.1.prop1-back-serstep.yml.log
KIND_BTOR,resistance.1.prop1-func-interl.btor2,resistance.1,8,476,3,3,582,fight_xcfa\btor2-xcfa\resistance.1.prop1-back-serstep.yml\xcfa.json,opt_algos_logfiles\btor2-algos-opt.2025-12-07_02-16-12.logfiles\btor2-kind.adding.1.prop1-back-serstep.yml.log
KIND_BTOR,resistance.1.prop2-func-interl.btor2,resistance.1,8,476,3,3,582,fight_xcfa\btor2-xcfa\resistance.1.prop1-back-serstep.yml\xcfa.json,opt_algos_logfiles\btor2-algos-opt.2025-12-07_02-16-12.logfiles\btor2-kind.adding.1.prop1-back-serstep.yml.log
KIND_BTOR,resistance.1.prop3-func-interl.btor2,resistance.1,8,476,3,3,582,fight_xcfa\btor2-xcfa\resistance.1.prop1-back-serstep.yml\xcfa.json,opt_algos_logfiles\btor2-algos-opt.2025-12-07_02-16-12.logfiles\btor2-kind.adding.1.prop1-back-serstep.yml.log
KIND_BTOR,resistance.2.prop1-back-serstep.btor2,resistance.2,8,589,3,3,714,fight_xcfa\btor2-xcfa\resistance.2.prop1-back-serstep.yml\xcfa.json,opt_algos_logfiles\btor2-algos-opt.2025-12-07_02-16-12.logfiles\btor2-kind.adding.1.prop1-back-serstep.yml.log
KIND_BTOR,resistance.2.prop1-func-interl.btor2,resistance.2,8,589,3,3,714,fight_xcfa\btor2-xcfa\resistance.2.prop1-back-serstep.yml\xcfa.json,opt_algos_logfiles\btor2-algos-opt.2025-12-07_02-16-12.logfiles\btor2-kind.adding.1.prop1-back-serstep.yml.log
KIND_BTOR,resistance.2.prop2-func-interl.btor2,resistance.2,8,589,3,3,714,fight_xcfa\btor2-xcfa\resistance.2.prop1-back-serstep.yml\xcfa.json,opt_algos_logfiles\btor2-algos-opt.2025-12-07_02-16-12.logfiles\btor2-kind.adding.1.prop1-back-serstep.yml.log
KIND_BTOR,resistance.2.prop3-func-interl.btor2,resistance.2,8,589,3,3,714,fight_xcfa\btor2-xcfa\resistance.2.prop1-back-serstep.yml\xcfa.json,opt_algos_logfiles\btor2-algos-opt.2025-12-07_02-16-12.logfiles\btor2-kind.adding.1.prop1-back-serstep.yml.log
KIND_BTOR,schedule_world.1.prop1-back-serstep.btor2,schedule_world.1,8,520,3,3,640,fight_xcfa\btor2-xcfa\schedule_world.1.prop1-back-serstep.yml\xcfa.json,opt_algos_logfiles\btor2-algos-opt.2025-12-07_02-16-12.logfiles\btor2-kind.adding.1.prop1-back-serstep.yml.log
KIND_BTOR,schedule_world.1.prop1-func-interl.btor2,schedule_world.1,8,520,3,3,640,fight_xcfa\btor2-xcfa\schedule_world.1.prop1-back-serstep.yml\xcfa.json,opt_algos_logfiles\btor2-algos-opt.2025-12-07_02-16-12.logfiles\btor2-kind.adding.1.prop1-back-serstep.yml.log
KIND_BTOR,schedule_world.2.prop1-back-serstep.btor2,schedule_world.2,8,727,3,3,883,fight_xcfa\btor2-xcfa\schedule_world.2.prop1-back-serstep.yml\xcfa.json,opt_algos_logfiles\btor2-algos-opt.2025-12-07_02-16-12.logfiles\btor2-kind.adding.1.prop1-back-serstep.yml.log
KIND_BTOR,schedule_world.2.prop1-func-interl.btor2,schedule_world.2,8,727,3,3,883,fight_xcfa\btor2-xcfa\schedule_world.2.prop1-back-serstep.yml\xcfa.json,opt_algos_logfiles\btor2-algos-opt.2025-12-07_02-16-12.logfiles\btor2-kind.adding.1.prop1-back-serstep.yml.log
KIND_BTOR,schedule_world.3.prop1-back-serstep.btor2,schedule_world.3,8,934,3,3,1126,fight_xcfa\btor2-xcfa\schedule_world.3.prop1-back-serstep.yml\xcfa.json,opt_algos_logfiles\btor2-algos-opt.2025-12-07_02-16-12.logfiles\btor2-kind.adding.1.prop1-back-serstep.yml.log
KIND_BTOR,schedule_world.3.prop1-func-interl.btor2,schedule_world.3,8,934,3,3,1126,fight_xcfa\btor2-xcfa\schedule_world.3.prop1-back-serstep.yml\xcfa.json,opt_algos_logfiles\btor2-algos-opt.2025-12-07_02-16-12.logfiles\btor2-kind.adding.1.prop1-back-serstep.yml.log
KIND_BTOR,count2.btor2,count2,8,3,3,3,8,fight_xcfa\btor2-xcfa\count2.yml\xcfa.json,opt_algos_logfiles\btor2-algos-opt.2025-12-07_02-16-12.logfiles\btor2-kind.adding.1.prop1-back-serstep.yml.log
KIND_BTOR,count4.btor2,count4,8,3,3,3,8,fight_xcfa\btor2-xcfa\count4.yml\xcfa.json,opt_algos_logfiles\btor2-algos-opt.2025-12-07_02-16-12.logfiles\btor2-kind.adding.1.prop1-back-serstep.yml.log
KIND_BTOR,factorial4even.btor2,factorial4even,8,8,4,5,17,fight_xcfa\btor2-xcfa\factorial4even.yml\xcfa.json,opt_algos_logfiles\btor2-algos-opt.2025-12-07_02-16-12.logfiles\btor2-kind.adding.1.prop1-back-serstep.yml.log
KIND_BTOR,recount4.btor2,recount4,8,7,3,3,16,fight_xcfa\btor2-xcfa\recount4.yml\xcfa.json,opt_algos_logfiles\btor2-algos-opt.2025-12-07_02-16-12.logfiles\btor2-kind.adding.1.prop1-back-serstep.yml.log
KIND_BTOR,twocount2.btor2,twocount2,8,10,3,3,22,fight_xcfa\btor2-xcfa\twocount2.yml\xcfa.json,opt_algos_logfiles\btor2-algos-opt.2025-12-07_02-16-12.logfiles\btor2-kind.adding.1.prop1-back-serstep.yml.log
KIND_BTOR,twocount32.btor2,twocount32,8,10,3,3,22,fight_xcfa\btor2-xcfa\twocount32.yml\xcfa.json,opt_algos_logfiles\btor2-algos-opt.2025-12-07_02-16-12.logfiles\btor2-kind.adding.1.prop1-back-serstep.yml.log
KIND_BTOR,Huffman_dec.btor2,Huffman_dec,8,193,3,3,285,fight_xcfa\btor2-xcfa\Huffman_dec.yml\xcfa.json,opt_algos_logfiles\btor2-algos-opt.2025-12-07_02-16-12.logfiles\btor2-kind.adding.1.prop1-back-serstep.yml.log
KIND_BTOR,Huffman_enc.btor2,Huffman_enc,8,103,3,3,115,fight_xcfa\btor2-xcfa\Huffman_enc.yml\xcfa.json,opt_algos_logfiles\btor2-algos-opt.2025-12-07_02-16-12.logfiles\btor2-kind.adding.1.prop1-back-serstep.yml.log
KIND_BTOR,stack-p1.btor2,stack-p1,8,802,3,3,835,fight_xcfa\btor2-xcfa\stack-p1.yml\xcfa.json,opt_algos_logfiles\btor2-algos-opt.2025-12-07_02-16-12.logfiles\btor2-kind.adding.1.prop1-back-serstep.yml.log
KIND_BTOR,stack-p2.btor2,stack-p2,8,735,3,3,768,fight_xcfa\btor2-xcfa\stack-p2.yml\xcfa.json,opt_algos_logfiles\btor2-algos-opt.2025-12-07_02-16-12.logfiles\btor2-kind.adding.1.prop1-back-serstep.yml.log
KIND_C,driving_phils.2.prop1-func-interl.c,driving_phils.2,13,2551,5,4,6027,fight_xcfa\c-xcfa\driving_phils.2.prop1-back-serstep.yml\xcfa.json,opt_algos_logfiles\c-algos.2025-12-07_02-30-26.logfiles\c-kind.adding.1.prop1-back-serstep.yml.log
KIND_C,lup.1.prop1-func-interl.c,lup.1,13,2442,5,4,5702,fight_xcfa\c-xcfa\lup.1.prop1-back-serstep.yml\xcfa.json,opt_algos_logfiles\c-algos.2025-12-07_02-30-26.logfiles\c-kind.adding.1.prop1-back-serstep.yml.log
KIND_C,lup.2.prop1-func-interl.c,lup.2,13,5072,5,4,11754,fight_xcfa\c-xcfa\lup.2.prop1-back-serstep.yml\xcfa.json,opt_algos_logfiles\c-algos.2025-12-07_02-30-26.logfiles\c-kind.adding.1.prop1-back-serstep.yml.log
KIND_C,lup.4.prop1-func-interl.c,lup.4,13,6441,5,4,14888,fight_xcfa\c-xcfa\lup.4.prop1-back-serstep.yml\xcfa.json,opt_algos_logfiles\c-algos.2025-12-07_02-30-26.logfiles\c-kind.adding.1.prop1-back-serstep.yml.log
KIND_C,production_cell.1.prop1-func-interl.c,production_cell.1,13,1993,5,4,4785,fight_xcfa\c-xcfa\production_cell.1.prop1-back-serstep.yml\xcfa.json,opt_algos_logfiles\c-algos.2025-12-07_02-30-26.logfiles\c-kind.adding.1.prop1-back-serstep.yml.log
KIND_C,resistance.1.prop1-func-interl.c,resistance.1,13,1285,5,4,3149,fight_xcfa\c-xcfa\resistance.1.prop1-back-serstep.yml\xcfa.json,opt_algos_logfiles\c-algos.2025-12-07_02-30-26.logfiles\c-kind.adding.1.prop1-back-serstep.yml.log
KIND_C,resistance.1.prop2-func-interl.c,resistance.1,13,1285,5,4,3149,fight_xcfa\c-xcfa\resistance.1.prop1-back-serstep.yml\xcfa.json,opt_algos_logfiles\c-algos.2025-12-07_02-30-26.logfiles\c-kind.adding.1.prop1-back-serstep.yml.log
KIND_C,resistance.1.prop3-func-interl.c,resistance.1,13,1285,5,4,3149,fight_xcfa\c-xcfa\resistance.1.prop1-back-serstep.yml\xcfa.json,opt_algos_logfiles\c-algos.2025-12-07_02-30-26.logfiles\c-kind.adding.1.prop1-back-serstep.yml.log
KIND_C,resistance.2.prop2-func-interl.c,resistance.2,13,1586,5,4,3887,fight_xcfa\c-xcfa\resistance.2.prop1-back-serstep.yml\xcfa.json,opt_algos_logfiles\c-algos.2025-12-07_02-30-26.logfiles\c-kind.adding.1.prop1-back-serstep.yml.log
KIND_C,resistance.2.prop3-func-interl.c,resistance.2,13,1586,5,4,3887,fight_xcfa\c-xcfa\resistance.2.prop1-back-serstep.yml\xcfa.json,opt_algos_logfiles\c-algos.2025-12-07_02-30-26.logfiles\c-kind.adding.1.prop1-back-serstep.yml.log
KIND_C,count2.c,count2,13,11,5,4,30,fight_xcfa\c-xcfa\count2.yml\xcfa.json,opt_algos_logfiles\c-algos.2025-12-07_02-30-26.logfiles\c-kind.adding.1.prop1-back-serstep.yml.log
KIND_C,count4.c,count4,13,11,5,4,30,fight_xcfa\c-xcfa\count4.yml\xcfa.json,opt_algos_logfiles\c-algos.2025-12-07_02-30-26.logfiles\c-kind.adding.1.prop1-back-serstep.yml.log
KIND_C,factorial4even.c,factorial4even,13,25,5,5,70,fight_xcfa\c-xcfa\factorial4even.yml\xcfa.json,opt_algos_logfiles\c-algos.2025-12-07_02-30-26.logfiles\c-kind.adding.1.prop1-back-serstep.yml.log
KIND_C,recount4.c,recount4,13,20,5,4,60,fight_xcfa\c-xcfa\recount4.yml\xcfa.json,opt_algos_logfiles\c-algos.2025-12-07_02-30-26.logfiles\c-kind.adding.1.prop1-back-serstep.yml.log
KIND_C,twocount2.c,twocount2,13,30,5,4,82,fight_xcfa\c-xcfa\twocount2.yml\xcfa.json,opt_algos_logfiles\c-algos.2025-12-07_02-30-26.logfiles\c-kind.adding.1.prop1-back-serstep.yml.log
KIND_C,twocount32.c,twocount32,13,28,5,4,74,fight_xcfa\c-xcfa\twocount32.yml\xcfa.json,opt_algos_logfiles\c-algos.2025-12-07_02-30-26.logfiles\c-kind.adding.1.prop1-back-serstep.yml.log
KIND_C,Huffman_dec.c,Huffman_dec,13,448,5,4,990,fight_xcfa\c-xcfa\Huffman_dec.yml\xcfa.json,opt_algos_logfiles\c-algos.2025-12-07_02-30-26.logfiles\c-kind.adding.1.prop1-back-serstep.yml.log
KIND_C,Huffman_enc.c,Huffman_enc,13,240,5,4,516,fight_xcfa\c-xcfa\Huffman_enc.yml\xcfa.json,opt_algos_logfiles\c-algos.2025-12-07_02-30-26.logfiles\c-kind.adding.1.prop1-back-serstep.yml.log
CEGAR_PRED_BTOR,anderson.1.prop1-back-serstep.btor2,anderson.1,6,287,3,3,353,fight_xcfa\btor2-xcfa\anderson.1.prop1-back-serstep.yml\xcfa.json,opt_algos_logfiles\btor2-algos-opt.2025-12-07_02-16-12.logfiles\btor2-pred-cegar.adding.1.prop1-back-serstep.yml.log
CEGAR_PRED_BTOR,anderson.3.prop1-back-serstep.btor2,anderson.3,6,450,3,3,545,fight_xcfa\btor2-xcfa\anderson.3.prop1-back-serstep.yml\xcfa.json,opt_algos_logfiles\btor2-algos-opt.2025-12-07_02-16-12.logfiles\btor2-pred-cegar.adding.1.prop1-back-serstep.yml.log
CEGAR_PRED_BTOR,anderson.5.prop1-back-serstep.btor2,anderson.5,6,824,3,3,977,fight_xcfa\btor2-xcfa\anderson.5.prop1-back-serstep.yml\xcfa.json,opt_algos_logfiles\btor2-algos-opt.2025-12-07_02-16-12.logfiles\btor2-pred-cegar.adding.1.prop1-back-serstep.yml.log
CEGAR_PRED_BTOR,anderson.7.prop1-back-serstep.btor2,anderson.7,6,1035,3,3,1217,fight_xcfa\btor2-xcfa\anderson.7.prop1-back-serstep.yml\xcfa.json,opt_algos_logfiles\btor2-algos-opt.2025-12-07_02-16-12.logfiles\btor2-pred-cegar.adding.1.prop1-back-serstep.yml.log
CEGAR_PRED_BTOR,bakery.2.prop1-back-serstep.btor2,bakery.2,6,367,3,3,449,fight_xcfa\btor2-xcfa\bakery.2.prop1-back-serstep.yml\xcfa.json,opt_algos_logfiles\btor2-algos-opt.2025-12-07_02-16-12.logfiles\btor2-pred-cegar.adding.1.prop1-back-serstep.yml.log
CEGAR_PRED_BTOR,cyclic_scheduler.2.prop1-back-serstep.btor2,cyclic_scheduler.2,6,703,3,3,882,fight_xcfa\btor2-xcfa\cyclic_scheduler.2.prop1-back-serstep.yml\xcfa.json,opt_algos_logfiles\btor2-algos-opt.2025-12-07_02-16-12.logfiles\btor2-pred-cegar.adding.1.prop1-back-serstep.yml.log
CEGAR_PRED_BTOR,cyclic_scheduler.2.prop1-func-interl.btor2,cyclic_scheduler.2,6,703,3,3,882,fight_xcfa\btor2-xcfa\cyclic_scheduler.2.prop1-back-serstep.yml\xcfa.json,opt_algos_logfiles\btor2-algos-opt.2025-12-07_02-16-12.logfiles\btor2-pred-cegar.adding.1.prop1-back-serstep.yml.log
CEGAR_PRED_BTOR,cyclic_scheduler.4.prop1-back-serstep.btor2,cyclic_scheduler.4,6,1263,3,3,1582,fight_xcfa\btor2-xcfa\cyclic_scheduler.4.prop1-back-serstep.yml\xcfa.json,opt_algos_logfiles\btor2-algos-opt.2025-12-07_02-16-12.logfiles\btor2-pred-cegar.adding.1.prop1-back-serstep.yml.log
CEGAR_PRED_BTOR,driving_phils.1.prop1-back-serstep.btor2,driving_phils.1,6,934,3,3,1091,fight_xcfa\btor2-xcfa\driving_phils.1.prop1-back-serstep.yml\xcfa.json,opt_algos_logfiles\btor2-algos-opt.2025-12-07_02-16-12.logfiles\btor2-pred-cegar.adding.1.prop1-back-serstep.yml.log
CEGAR_PRED_BTOR,driving_phils.1.prop1-func-interl.btor2,driving_phils.1,6,934,3,3,1091,fight_xcfa\btor2-xcfa\driving_phils.1.prop1-back-serstep.yml\xcfa.json,opt_algos_logfiles\btor2-algos-opt.2025-12-07_02-16-12.logfiles\btor2-pred-cegar.adding.1.prop1-back-serstep.yml.log
CEGAR_PRED_BTOR,driving_phils.2.prop1-back-serstep.btor2,driving_phils.2,6,974,3,3,1162,fight_xcfa\btor2-xcfa\driving_phils.2.prop1-back-serstep.yml\xcfa.json,opt_algos_logfiles\btor2-algos-opt.2025-12-07_02-16-12.logfiles\btor2-pred-cegar.adding.1.prop1-back-serstep.yml.log
CEGAR_PRED_BTOR,driving_phils.2.prop1-func-interl.btor2,driving_phils.2,6,974,3,3,1162,fight_xcfa\btor2-xcfa\driving_phils.2.prop1-back-serstep.yml\xcfa.json,opt_algos_logfiles\btor2-algos-opt.2025-12-07_02-16-12.logfiles\btor2-pred-cegar.adding.1.prop1-back-serstep.yml.log
CEGAR_PRED_BTOR,driving_phils.3.prop1-back-serstep.btor2,driving_phils.3,6,1270,3,3,1472,fight_xcfa\btor2-xcfa\driving_phils.3.prop1-back-serstep.yml\xcfa.json,opt_algos_logfiles\btor2-algos-opt.2025-12-07_02-16-12.logfiles\btor2-pred-cegar.adding.1.prop1-back-serstep.yml.log
CEGAR_PRED_BTOR,driving_phils.3.prop1-func-interl.btor2,driving_phils.3,6,1270,3,3,1472,fight_xcfa\btor2-xcfa\driving_phils.3.prop1-back-serstep.yml\xcfa.json,opt_algos_logfiles\btor2-algos-opt.2025-12-07_02-16-12.logfiles\btor2-pred-cegar.adding.1.prop1-back-serstep.yml.log
CEGAR_PRED_BTOR,driving_phils.4.prop1-back-serstep.btor2,driving_phils.4,6,1410,3,3,1645,fight_xcfa\btor2-xcfa\driving_phils.4.prop1-back-serstep.yml\xcfa.json,opt_algos_logfiles\btor2-algos-opt.2025-12-07_02-16-12.logfiles\btor2-pred-cegar.adding.1.prop1-back-serstep.yml.log
CEGAR_PRED_BTOR,driving_phils.4.prop1-func-interl.btor2,driving_phils.4,6,1410,3,3,1645,fight_xcfa\btor2-xcfa\driving_phils.4.prop1-back-serstep.yml\xcfa.json,opt_algos_logfiles\btor2-algos-opt.2025-12-07_02-16-12.logfiles\btor2-pred-cegar.adding.1.prop1-back-serstep.yml.log
CEGAR_PRED_BTOR,driving_phils.5.prop1-back-serstep.btor2,driving_phils.5,6,1214,3,3,1439,fight_xcfa\btor2-xcfa\driving_phils.5.prop1-back-serstep.yml\xcfa.json,opt_algos_logfiles\btor2-algos-opt.2025-12-07_02-16-12.logfiles\btor2-pred-cegar.adding.1.prop1-back-serstep.yml.log
CEGAR_PRED_BTOR,driving_phils.5.prop1-func-interl.btor2,driving_phils.5,6,1214,3,3,1439,fight_xcfa\btor2-xcfa\driving_phils.5.prop1-back-serstep.yml\xcfa.json,opt_algos_logfiles\btor2-algos-opt.2025-12-07_02-16-12.logfiles\btor2-pred-cegar.adding.1.prop1-back-serstep.yml.log
CEGAR_PRED_BTOR,elevator.1.prop1-back-serstep.btor2,elevator.1,6,774,3,3,944,fight_xcfa\btor2-xcfa\elevator.1.prop1-back-serstep.yml\xcfa.json,opt_algos_logfiles\btor2-algos-opt.2025-12-07_02-16-12.logfiles\btor2-pred-cegar.adding.1.prop1-back-serstep.yml.log
CEGAR_PRED_BTOR,elevator.1.prop1-func-interl.btor2,elevator.1,6,774,3,3,944,fight_xcfa\btor2-xcfa\elevator.1.prop1-back-serstep.yml\xcfa.json,opt_algos_logfiles\btor2-algos-opt.2025-12-07_02-16-12.logfiles\btor2-pred-cegar.adding.1.prop1-back-serstep.yml.log
CEGAR_PRED_BTOR,elevator.2.prop1-back-serstep.btor2,elevator.2,6,674,3,3,826,fight_xcfa\btor2-xcfa\elevator.2.prop1-back-serstep.yml\xcfa.json,opt_algos_logfiles\btor2-algos-opt.2025-12-07_02-16-12.logfiles\btor2-pred-cegar.adding.1.prop1-back-serstep.yml.log
CEGAR_PRED_BTOR,elevator.2.prop1-func-interl.btor2,elevator.2,6,674,3,3,826,fight_xcfa\btor2-xcfa\elevator.2.prop1-back-serstep.yml\xcfa.json,opt_algos_logfiles\btor2-algos-opt.2025-12-07_02-16-12.logfiles\btor2-pred-cegar.adding.1.prop1-back-serstep.yml.log
CEGAR_PRED_BTOR,elevator_planning.3.prop1-back-serstep.btor2,elevator_planning.3,6,475,3,3,590,fight_xcfa\btor2-xcfa\elevator_planning.3.prop1-back-serstep.yml\xcfa.json,opt_algos_logfiles\btor2-algos-opt.2025-12-07_02-16-12.logfiles\btor2-pred-cegar.adding.1.prop1-back-serstep.yml.log
CEGAR_PRED_BTOR,iprotocol.1.prop1-back-serstep.btor2,iprotocol.1,6,803,3,3,982,fight_xcfa\btor2-xcfa\iprotocol.1.prop1-back-serstep.yml\xcfa.json,opt_algos_logfiles\btor2-algos-opt.2025-12-07_02-16-12.logfiles\btor2-pred-cegar.adding.1.prop1-back-serstep.yml.log
CEGAR_PRED_BTOR,iprotocol.1.prop1-func-interl.btor2,iprotocol.1,6,803,3,3,982,fight_xcfa\btor2-xcfa\iprotocol.1.prop1-back-serstep.yml\xcfa.json,opt_algos_logfiles\btor2-algos-opt.2025-12-07_02-16-12.logfiles\btor2-pred-cegar.adding.1.prop1-back-serstep.yml.log
CEGAR_PRED_BTOR,iprotocol.2.prop1-back-serstep.btor2,iprotocol.2,6,839,3,3,1026,fight_xcfa\btor2-xcfa\iprotocol.2.prop1-back-serstep.yml\xcfa.json,opt_algos_logfiles\btor2-algos-opt.2025-12-07_02-16-12.logfiles\btor2-pred-cegar.adding.1.prop1-back-serstep.yml.log
CEGAR_PRED_BTOR,iprotocol.2.prop1-func-interl.btor2,iprotocol.2,6,839,3,3,1026,fight_xcfa\btor2-xcfa\iprotocol.2.prop1-back-serstep.yml\xcfa.json,opt_algos_logfiles\btor2-algos-opt.2025-12-07_02-16-12.logfiles\btor2-pred-cegar.adding.1.prop1-back-serstep.yml.log
CEGAR_PRED_BTOR,iprotocol.3.prop1-back-serstep.btor2,iprotocol.3,6,911,3,3,1114,fight_xcfa\btor2-xcfa\iprotocol.3.prop1-back-serstep.yml\xcfa.json,opt_algos_logfiles\btor2-algos-opt.2025-12-07_02-16-12.logfiles\btor2-pred-cegar.adding.1.prop1-back-serstep.yml.log
CEGAR_PRED_BTOR,iprotocol.3.prop1-func-interl.btor2,iprotocol.3,6,911,3,3,1114,fight_xcfa\btor2-xcfa\iprotocol.3.prop1-back-serstep.yml\xcfa.json,opt_algos_logfiles\btor2-algos-opt.2025-12-07_02-16-12.logfiles\btor2-pred-cegar.adding.1.prop1-back-serstep.yml.log
CEGAR_PRED_BTOR,iprotocol.4.prop1-back-serstep.btor2,iprotocol.4,6,983,3,3,1202,fight_xcfa\btor2-xcfa\iprotocol.4.prop1-back-serstep.yml\xcfa.json,opt_algos_logfiles\btor2-algos-opt.2025-12-07_02-16-12.logfiles\btor2-pred-cegar.adding.1.prop1-back-serstep.yml.log
CEGAR_PRED_BTOR,iprotocol.4.prop1-func-interl.btor2,iprotocol.4,6,983,3,3,1202,fight_xcfa\btor2-xcfa\iprotocol.4.prop1-back-serstep.yml\xcfa.json,opt_algos_logfiles\btor2-algos-opt.2025-12-07_02-16-12.logfiles\btor2-pred-cegar.adding.1.prop1-back-serstep.yml.log
CEGAR_PRED_BTOR,iprotocol.5.prop1-back-serstep.btor2,iprotocol.5,6,1055,3,3,1290,fight_xcfa\btor2-xcfa\iprotocol.5.prop1-back-serstep.yml\xcfa.json,opt_algos_logfiles\btor2-algos-opt.2025-12-07_02-16-12.logfiles\btor2-pred-cegar.adding.1.prop1-back-serstep.yml.log
CEGAR_PRED_BTOR,iprotocol.5.prop1-func-interl.btor2,iprotocol.5,6,1055,3,3,1290,fight_xcfa\btor2-xcfa\iprotocol.5.prop1-back-serstep.yml\xcfa.json,opt_algos_logfiles\btor2-algos-opt.2025-12-07_02-16-12.logfiles\btor2-pred-cegar.adding.1.prop1-back-serstep.yml.log
CEGAR_PRED_BTOR,iprotocol.6.prop1-back-serstep.btor2,iprotocol.6,6,1055,3,3,1290,fight_xcfa\btor2-xcfa\iprotocol.6.prop1-back-serstep.yml\xcfa.json,opt_algos_logfiles\btor2-algos-opt.2025-12-07_02-16-12.logfiles\btor2-pred-cegar.adding.1.prop1-back-serstep.yml.log
CEGAR_PRED_BTOR,iprotocol.6.prop1-func-interl.btor2,iprotocol.6,6,1055,3,3,1290,fight_xcfa\btor2-xcfa\iprotocol.6.prop1-back-serstep.yml\xcfa.json,opt_algos_logfiles\btor2-algos-opt.2025-12-07_02-16-12.logfiles\btor2-pred-cegar.adding.1.prop1-back-serstep.yml.log
CEGAR_PRED_BTOR,iprotocol.7.prop1-back-serstep.btor2,iprotocol.7,6,1127,3,3,1378,fight_xcfa\btor2-xcfa\iprotocol.7.prop1-back-serstep.yml\xcfa.json,opt_algos_logfiles\btor2-algos-opt.2025-12-07_02-16-12.logfiles\btor2-pred-cegar.adding.1.prop1-back-serstep.yml.log
CEGAR_PRED_BTOR,iprotocol.7.prop1-func-interl.btor2,iprotocol.7,6,1127,3,3,1378,fight_xcfa\btor2-xcfa\iprotocol.7.prop1-back-serstep.yml\xcfa.json,opt_algos_logfiles\btor2-algos-opt.2025-12-07_02-16-12.logfiles\btor2-pred-cegar.adding.1.prop1-back-serstep.yml.log
CEGAR_PRED_BTOR,lamport.3.prop1-back-serstep.btor2,lamport.3,6,720,3,3,888,fight_xcfa\btor2-xcfa\lamport.3.prop1-back-serstep.yml\xcfa.json,opt_algos_logfiles\btor2-algos-opt.2025-12-07_02-16-12.logfiles\btor2-pred-cegar.adding.1.prop1-back-serstep.yml.log
CEGAR_PRED_BTOR,lamport_nonatomic.3.prop1-back-serstep.btor2,lamport_nonatomic.3,6,1875,3,3,2200,fight_xcfa\btor2-xcfa\lamport_nonatomic.3.prop1-back-serstep.yml\xcfa.json,opt_algos_logfiles\btor2-algos-opt.2025-12-07_02-16-12.logfiles\btor2-pred-cegar.adding.1.prop1-back-serstep.yml.log
CEGAR_PRED_BTOR,leader_filters.2.prop1-back-serstep.btor2,leader_filters.2,6,831,3,3,1027,fight_xcfa\btor2-xcfa\leader_filters.2.prop1-back-serstep.yml\xcfa.json,opt_algos_logfiles\btor2-algos-opt.2025-12-07_02-16-12.logfiles\btor2-pred-cegar.adding.1.prop1-back-serstep.yml.log
CEGAR_PRED_BTOR,leader_filters.6.prop1-back-serstep.btor2,leader_filters.6,6,1401,3,3,1697,fight_xcfa\btor2-xcfa\leader_filters.6.prop1-back-serstep.yml\xcfa.json,opt_algos_logfiles\btor2-algos-opt.2025-12-07_02-16-12.logfiles\btor2-pred-cegar.adding.1.prop1-back-serstep.yml.log
CEGAR_PRED_BTOR,lup.1.prop1-back-serstep.btor2,lup.1,6,912,3,3,1043,fight_xcfa\btor2-xcfa\lup.1.prop1-back-serstep.yml\xcfa.json,opt_algos_logfiles\btor2-algos-opt.2025-12-07_02-16-12.logfiles\btor2-pred-cegar.adding.1.prop1-back-serstep.yml.log
CEGAR_PRED_BTOR,lup.1.prop1-func-interl.btor2,lup.1,6,912,3,3,1043,fight_xcfa\btor2-xcfa\lup.1.prop1-back-serstep.yml\xcfa.json,opt_algos_logfiles\btor2-algos-opt.2025-12-07_02-16-12.logfiles\btor2-pred-cegar.adding.1.prop1-back-serstep.yml.log
CEGAR_PRED_BTOR,lup.2.prop1-back-serstep.btor2,lup.2,6,1894,3,3,2145,fight_xcfa\btor2-xcfa\lup.2.prop1-back-serstep.yml\xcfa.json,opt_algos_logfiles\btor2-algos-opt.2025-12-07_02-16-12.logfiles\btor2-pred-cegar.adding.1.prop1-back-serstep.yml.log
CEGAR_PRED_BTOR,lup.2.prop1-func-interl.btor2,lup.2,6,1894,3,3,2145,fight_xcfa\btor2-xcfa\lup.2.prop1-back-serstep.yml\xcfa.json,opt_algos_logfiles\btor2-algos-opt.2025-12-07_02-16-12.logfiles\btor2-pred-cegar.adding.1.prop1-back-serstep.yml.log
CEGAR_PRED_BTOR,lup.3.prop1-back-serstep.btor2,lup.3,6,2147,3,3,2428,fight_xcfa\btor2-xcfa\lup.3.prop1-back-serstep.yml\xcfa.json,opt_algos_logfiles\btor2-algos-opt.2025-12-07_02-16-12.logfiles\btor2-pred-cegar.adding.1.prop1-back-serstep.yml.log
CEGAR_PRED_BTOR,lup.4.prop1-back-serstep.btor2,lup.4,6,2403,3,3,2714,fight_xcfa\btor2-xcfa\lup.4.prop1-back-serstep.yml\xcfa.json,opt_algos_logfiles\btor2-algos-opt.2025-12-07_02-16-12.logfiles\btor2-pred-cegar.adding.1.prop1-back-serstep.yml.log
CEGAR_PRED_BTOR,msmie.2.prop1-back-serstep.btor2,msmie.2,6,2591,3,3,3076,fight_xcfa\btor2-xcfa\msmie.2.prop1-back-serstep.yml\xcfa.json,opt_algos_logfiles\btor2-algos-opt.2025-12-07_02-16-12.logfiles\btor2-pred-cegar.adding.1.prop1-back-serstep.yml.log
CEGAR_PRED_BTOR,needham.1.prop1-back-serstep.btor2,needham.1,6,804,3,3,970,fight_xcfa\btor2-xcfa\needham.1.prop1-back-serstep.yml\xcfa.json,opt_algos_logfiles\btor2-algos-opt.2025-12-07_02-16-12.logfiles\btor2-pred-cegar.adding.1.prop1-back-serstep.yml.log
CEGAR_PRED_BTOR,needham.1.prop1-func-interl.btor2,needham.1,6,804,3,3,970,fight_xcfa\btor2-xcfa\needham.1.prop1-back-serstep.yml\xcfa.json,opt_algos_logfiles\btor2-algos-opt.2025-12-07_02-16-12.logfiles\btor2-pred-cegar.adding.1.prop1-back-serstep.yml.log
CEGAR_PRED_BTOR,needham.1.prop2-back-serstep.btor2,needham.1,6,804,3,3,970,fight_xcfa\btor2-xcfa\needham.1.prop1-back-serstep.yml\xcfa.json,opt_algos_logfiles\btor2-algos-opt.2025-12-07_02-16-12.logfiles\btor2-pred-cegar.adding.1.prop1-back-serstep.yml.log
CEGAR_PRED_BTOR,needham.1.prop2-func-interl.btor2,needham.1,6,804,3,3,970,fight_xcfa\btor2-xcfa\needham.1.prop1-back-serstep.yml\xcfa.json,opt_algos_logfiles\btor2-algos-opt.2025-12-07_02-16-12.logfiles\btor2-pred-cegar.adding.1.prop1-back-serstep.yml.log
CEGAR_PRED_BTOR,needham.1.prop3-back-serstep.btor2,needham.1,6,804,3,3,970,fight_xcfa\btor2-xcfa\needham.1.prop1-back-serstep.yml\xcfa.json,opt_algos_logfiles\btor2-algos-opt.2025-12-07_02-16-12.logfiles\btor2-pred-cegar.adding.1.prop1-back-serstep.yml.log
CEGAR_PRED_BTOR,needham.1.prop3-func-interl.btor2,needham.1,6,804,3,3,970,fight_xcfa\btor2-xcfa\needham.1.prop1-back-serstep.yml\xcfa.json,opt_algos_logfiles\btor2-algos-opt.2025-12-07_02-16-12.logfiles\btor2-pred-cegar.adding.1.prop1-back-serstep.yml.log
CEGAR_PRED_BTOR,needham.1.prop4-back-serstep.btor2,needham.1,6,804,3,3,970,fight_xcfa\btor2-xcfa\needham.1.prop1-back-serstep.yml\xcfa.json,opt_algos_logfiles\btor2-algos-opt.2025-12-07_02-16-12.logfiles\btor2-pred-cegar.adding.1.prop1-back-serstep.yml.log
CEGAR_PRED_BTOR,needham.1.prop4-func-interl.btor2,needham.1,6,804,3,3,970,fight_xcfa\btor2-xcfa\needham.1.prop1-back-serstep.yml\xcfa.json,opt_algos_logfiles\btor2-algos-opt.2025-12-07_02-16-12.logfiles\btor2-pred-cegar.adding.1.prop1-back-serstep.yml.log
CEGAR_PRED_BTOR,needham.2.prop1-back-serstep.btor2,needham.2,6,1382,3,3,1650,fight_xcfa\btor2-xcfa\needham.2.prop1-back-serstep.yml\xcfa.json,opt_algos_logfiles\btor2-algos-opt.2025-12-07_02-16-12.logfiles\btor2-pred-cegar.adding.1.prop1-back-serstep.yml.log
CEGAR_PRED_BTOR,needham.2.prop4-back-serstep.btor2,needham.2,6,1382,3,3,1650,fight_xcfa\btor2-xcfa\needham.2.prop1-back-serstep.yml\xcfa.json,opt_algos_logfiles\btor2-algos-opt.2025-12-07_02-16-12.logfiles\btor2-pred-cegar.adding.1.prop1-back-serstep.yml.log
CEGAR_PRED_BTOR,peterson.2.prop1-back-serstep.btor2,peterson.2,6,481,3,3,599,fight_xcfa\btor2-xcfa\peterson.2.prop1-back-serstep.yml\xcfa.json,opt_algos_logfiles\btor2-algos-opt.2025-12-07_02-16-12.logfiles\btor2-pred-cegar.adding.1.prop1-back-serstep.yml.log
CEGAR_PRED_BTOR,peterson.3.prop1-back-serstep.btor2,peterson.3,6,481,3,3,599,fight_xcfa\btor2-xcfa\peterson.3.prop1-back-serstep.yml\xcfa.json,opt_algos_logfiles\btor2-algos-opt.2025-12-07_02-16-12.logfiles\btor2-pred-cegar.adding.1.prop1-back-serstep.yml.log
CEGAR_PRED_BTOR,peterson.6.prop1-back-serstep.btor2,peterson.6,6,664,3,3,820,fight_xcfa\btor2-xcfa\peterson.6.prop1-back-serstep.yml\xcfa.json,opt_algos_logfiles\btor2-algos-opt.2025-12-07_02-16-12.logfiles\btor2-pred-cegar.adding.1.prop1-back-serstep.yml.log
CEGAR_PRED_BTOR,pgm_protocol.1.prop1-back-serstep.btor2,pgm_protocol.1,6,4262,3,3,5023,fight_xcfa\btor2-xcfa\pgm_protocol.1.prop1-back-serstep.yml\xcfa.json,opt_algos_logfiles\btor2-algos-opt.2025-12-07_02-16-12.logfiles\btor2-pred-cegar.adding.1.prop1-back-serstep.yml.log
CEGAR_PRED_BTOR,pgm_protocol.2.prop1-back-serstep.btor2,pgm_protocol.2,6,4214,3,3,4971,fight_xcfa\btor2-xcfa\pgm_protocol.2.prop1-back-serstep.yml\xcfa.json,opt_algos_logfiles\btor2-algos-opt.2025-12-07_02-16-12.logfiles\btor2-pred-cegar.adding.1.prop1-back-serstep.yml.log
CEGAR_PRED_BTOR,pgm_protocol.3.prop1-back-serstep.btor2,pgm_protocol.3,6,4284,3,3,5049,fight_xcfa\btor2-xcfa\pgm_protocol.3.prop1-back-serstep.yml\xcfa.json,opt_algos_logfiles\btor2-algos-opt.2025-12-07_02-16-12.logfiles\btor2-pred-cegar.adding.1.prop1-back-serstep.yml.log
CEGAR_PRED_BTOR,pgm_protocol.4.prop1-back-serstep.btor2,pgm_protocol.4,6,4214,3,3,4971,fight_xcfa\btor2-xcfa\pgm_protocol.4.prop1-back-serstep.yml\xcfa.json,opt_algos_logfiles\btor2-algos-opt.2025-12-07_02-16-12.logfiles\btor2-pred-cegar.adding.1.prop1-back-serstep.yml.log
CEGAR_PRED_BTOR,pgm_protocol.5.prop1-back-serstep.btor2,pgm_protocol.5,6,4284,3,3,5049,fight_xcfa\btor2-xcfa\pgm_protocol.5.prop1-back-serstep.yml\xcfa.json,opt_algos_logfiles\btor2-algos-opt.2025-12-07_02-16-12.logfiles\btor2-pred-cegar.adding.1.prop1-back-serstep.yml.log
CEGAR_PRED_BTOR,pgm_protocol.6.prop1-back-serstep.btor2,pgm_protocol.6,6,4341,3,3,5114,fight_xcfa\btor2-xcfa\pgm_protocol.6.prop1-back-serstep.yml\xcfa.json,opt_algos_logfiles\btor2-algos-opt.2025-12-07_02-16-12.logfiles\btor2-pred-cegar.adding.1.prop1-back-serstep.yml.log
CEGAR_PRED_BTOR,pgm_protocol.7.prop1-back-serstep.btor2,pgm_protocol.7,6,4258,3,3,5023,fight_xcfa\btor2-xcfa\pgm_protocol.7.prop1-back-serstep.yml\xcfa.json,opt_algos_logfiles\btor2-algos-opt.2025-12-07_02-16-12.logfiles\btor2-pred-cegar.adding.1.prop1-back-serstep.yml.log
CEGAR_PRED_BTOR,pgm_protocol.8.prop1-back-serstep.btor2,pgm_protocol.8,6,4376,3,3,5153,fight_xcfa\btor2-xcfa\pgm_protocol.8.prop1-back-serstep.yml\xcfa.json,opt_algos_logfiles\btor2-algos-opt.2025-12-07_02-16-12.logfiles\btor2-pred-cegar.adding.1.prop1-back-serstep.yml.log
CEGAR_PRED_BTOR,production_cell.1.prop1-back-serstep.btor2,production_cell.1,6,724,3,3,901,fight_xcfa\btor2-xcfa\production_cell.1.prop1-back-serstep.yml\xcfa.json,opt_algos_logfiles\btor2-algos-opt.2025-12-07_02-16-12.logfiles\btor2-pred-cegar.adding.1.prop1-back-serstep.yml.log
CEGAR_PRED_BTOR,production_cell.1.prop1-func-interl.btor2,production_cell.1,6,724,3,3,901,fight_xcfa\btor2-xcfa\production_cell.1.prop1-back-serstep.yml\xcfa.json,opt_algos_logfiles\btor2-algos-opt.2025-12-07_02-16-12.logfiles\btor2-pred-cegar.adding.1.prop1-back-serstep.yml.log
CEGAR_PRED_BTOR,production_cell.3.prop1-back-serstep.btor2,production_cell.3,6,1039,3,3,1276,fight_xcfa\btor2-xcfa\production_cell.3.prop1-back-serstep.yml\xcfa.json,opt_algos_logfiles\btor2-algos-opt.2025-12-07_02-16-12.logfiles\btor2-pred-cegar.adding.1.prop1-back-serstep.yml.log
CEGAR_PRED_BTOR,production_cell.3.prop1-func-interl.btor2,production_cell.3,6,1039,3,3,1276,fight_xcfa\btor2-xcfa\production_cell.3.prop1-back-serstep.yml\xcfa.json,opt_algos_logfiles\btor2-algos-opt.2025-12-07_02-16-12.logfiles\btor2-pred-cegar.adding.1.prop1-back-serstep.yml.log
CEGAR_PRED_BTOR,production_cell.5.prop1-back-serstep.btor2,production_cell.5,6,1249,3,3,1526,fight_xcfa\btor2-xcfa\production_cell.5.prop1-back-serstep.yml\xcfa.json,opt_algos_logfiles\btor2-algos-opt.2025-12-07_02-16-12.logfiles\btor2-pred-cegar.adding.1.prop1-back-serstep.yml.log
CEGAR_PRED_BTOR,production_cell.5.prop1-func-interl.btor2,production_cell.5,6,1249,3,3,1526,fight_xcfa\btor2-xcfa\production_cell.5.prop1-back-serstep.yml\xcfa.json,opt_algos_logfiles\btor2-algos-opt.2025-12-07_02-16-12.logfiles\btor2-pred-cegar.adding.1.prop1-back-serstep.yml.log
CEGAR_PRED_BTOR,production_cell.6.prop1-back-serstep.btor2,production_cell.6,6,1459,3,3,1776,fight_xcfa\btor2-xcfa\production_cell.6.prop1-back-serstep.yml\xcfa.json,opt_algos_logfiles\btor2-algos-opt.2025-12-07_02-16-12.logfiles\btor2-pred-cegar.adding.1.prop1-back-serstep.yml.log
CEGAR_PRED_BTOR,production_cell.6.prop1-func-interl.btor2,production_cell.6,6,1459,3,3,1776,fight_xcfa\btor2-xcfa\production_cell.6.prop1-back-serstep.yml\xcfa.json,opt_algos_logfiles\btor2-algos-opt.2025-12-07_02-16-12.logfiles\btor2-pred-cegar.adding.1.prop1-back-serstep.yml.log
CEGAR_PRED_BTOR,protocols.1.prop1-back-serstep.btor2,protocols.1,6,324,3,3,420,fight_xcfa\btor2-xcfa\protocols.1.prop1-back-serstep.yml\xcfa.json,opt_algos_logfiles\btor2-algos-opt.2025-12-07_02-16-12.logfiles\btor2-pred-cegar.adding.1.prop1-back-serstep.yml.log
CEGAR_PRED_BTOR,protocols.1.prop1-func-interl.btor2,protocols.1,6,324,3,3,420,fight_xcfa\btor2-xcfa\protocols.1.prop1-back-serstep.yml\xcfa.json,opt_algos_logfiles\btor2-algos-opt.2025-12-07_02-16-12.logfiles\btor2-pred-cegar.adding.1.prop1-back-serstep.yml.log
CEGAR_PRED_BTOR,protocols.2.prop1-back-serstep.btor2,protocols.2,6,367,3,3,474,fight_xcfa\btor2-xcfa\protocols.2.prop1-back-serstep.yml\xcfa.json,opt_algos_logfiles\btor2-algos-opt.2025-12-07_02-16-12.logfiles\btor2-pred-cegar.adding.1.prop1-back-serstep.yml.log
CEGAR_PRED_BTOR,protocols.2.prop1-func-interl.btor2,protocols.2,6,367,3,3,474,fight_xcfa\btor2-xcfa\protocols.2.prop1-back-serstep.yml\xcfa.json,opt_algos_logfiles\btor2-algos-opt.2025-12-07_02-16-12.logfiles\btor2-pred-cegar.adding.1.prop1-back-serstep.yml.log
CEGAR_PRED_BTOR,protocols.3.prop1-back-serstep.btor2,protocols.3,6,459,3,3,581,fight_xcfa\btor2-xcfa\protocols.3.prop1-back-serstep.yml\xcfa.json,opt_algos_logfiles\btor2-algos-opt.2025-12-07_02-16-12.logfiles\btor2-pred-cegar.adding.1.prop1-back-serstep.yml.log
CEGAR_PRED_BTOR,protocols.3.prop1-func-interl.btor2,protocols.3,6,459,3,3,581,fight_xcfa\btor2-xcfa\protocols.3.prop1-back-serstep.yml\xcfa.json,opt_algos_logfiles\btor2-algos-opt.2025-12-07_02-16-12.logfiles\btor2-pred-cegar.adding.1.prop1-back-serstep.yml.log
CEGAR_PRED_BTOR,protocols.4.prop1-back-serstep.btor2,protocols.4,6,459,3,3,581,fight_xcfa\btor2-xcfa\protocols.4.prop1-back-serstep.yml\xcfa.json,opt_algos_logfiles\btor2-algos-opt.2025-12-07_02-16-12.logfiles\btor2-pred-cegar.adding.1.prop1-back-serstep.yml.log
CEGAR_PRED_BTOR,protocols.4.prop1-func-interl.btor2,protocols.4,6,459,3,3,581,fight_xcfa\btor2-xcfa\protocols.4.prop1-back-serstep.yml\xcfa.json,opt_algos_logfiles\btor2-algos-opt.2025-12-07_02-16-12.logfiles\btor2-pred-cegar.adding.1.prop1-back-serstep.yml.log
CEGAR_PRED_BTOR,protocols.5.prop1-back-serstep.btor2,protocols.5,6,459,3,3,581,fight_xcfa\btor2-xcfa\protocols.5.prop1-back-serstep.yml\xcfa.json,opt_algos_logfiles\btor2-algos-opt.2025-12-07_02-16-12.logfiles\btor2-pred-cegar.adding.1.prop1-back-serstep.yml.log
CEGAR_PRED_BTOR,protocols.5.prop1-func-interl.btor2,protocols.5,6,459,3,3,581,fight_xcfa\btor2-xcfa\protocols.5.prop1-back-serstep.yml\xcfa.json,opt_algos_logfiles\btor2-algos-opt.2025-12-07_02-16-12.logfiles\btor2-pred-cegar.adding.1.prop1-back-serstep.yml.log
CEGAR_PRED_BTOR,reader_writer.1.prop1-back-serstep.btor2,reader_writer.1,6,951,3,3,1129,fight_xcfa\btor2-xcfa\reader_writer.1.prop1-back-serstep.yml\xcfa.json,opt_algos_logfiles\btor2-algos-opt.2025-12-07_02-16-12.logfiles\btor2-pred-cegar.adding.1.prop1-back-serstep.yml.log
CEGAR_PRED_BTOR,reader_writer.3.prop1-back-serstep.btor2,reader_writer.3,6,1673,3,3,1973,fight_xcfa\btor2-xcfa\reader_writer.3.prop1-back-serstep.yml\xcfa.json,opt_algos_logfiles\btor2-algos-opt.2025-12-07_02-16-12.logfiles\btor2-pred-cegar.adding.1.prop1-back-serstep.yml.log
CEGAR_PRED_BTOR,resistance.1.prop1-back-serstep.btor2,resistance.1,6,476,3,3,582,fight_xcfa\btor2-xcfa\resistance.1.prop1-back-serstep.yml\xcfa.json,opt_algos_logfiles\btor2-algos-opt.2025-12-07_02-16-12.logfiles\btor2-pred-cegar.adding.1.prop1-back-serstep.yml.log
CEGAR_PRED_BTOR,resistance.1.prop1-func-interl.btor2,resistance.1,6,476,3,3,582,fight_xcfa\btor2-xcfa\resistance.1.prop1-back-serstep.yml\xcfa.json,opt_algos_logfiles\btor2-algos-opt.2025-12-07_02-16-12.logfiles\btor2-pred-cegar.adding.1.prop1-back-serstep.yml.log
CEGAR_PRED_BTOR,resistance.1.prop2-back-serstep.btor2,resistance.1,6,476,3,3,582,fight_xcfa\btor2-xcfa\resistance.1.prop1-back-serstep.yml\xcfa.json,opt_algos_logfiles\btor2-algos-opt.2025-12-07_02-16-12.logfiles\btor2-pred-cegar.adding.1.prop1-back-serstep.yml.log
CEGAR_PRED_BTOR,resistance.1.prop2-func-interl.btor2,resistance.1,6,476,3,3,582,fight_xcfa\btor2-xcfa\resistance.1.prop1-back-serstep.yml\xcfa.json,opt_algos_logfiles\btor2-algos-opt.2025-12-07_02-16-12.logfiles\btor2-pred-cegar.adding.1.prop1-back-serstep.yml.log
CEGAR_PRED_BTOR,resistance.1.prop3-back-serstep.btor2,resistance.1,6,476,3,3,582,fight_xcfa\btor2-xcfa\resistance.1.prop1-back-serstep.yml\xcfa.json,opt_algos_logfiles\btor2-algos-opt.2025-12-07_02-16-12.logfiles\btor2-pred-cegar.adding.1.prop1-back-serstep.yml.log
CEGAR_PRED_BTOR,resistance.1.prop3-func-interl.btor2,resistance.1,6,476,3,3,582,fight_xcfa\btor2-xcfa\resistance.1.prop1-back-serstep.yml\xcfa.json,opt_algos_logfiles\btor2-algos-opt.2025-12-07_02-16-12.logfiles\btor2-pred-cegar.adding.1.prop1-back-serstep.yml.log
CEGAR_PRED_BTOR,resistance.2.prop1-back-serstep.btor2,resistance.2,6,589,3,3,714,fight_xcfa\btor2-xcfa\resistance.2.prop1-back-serstep.yml\xcfa.json,opt_algos_logfiles\btor2-algos-opt.2025-12-07_02-16-12.logfiles\btor2-pred-cegar.adding.1.prop1-back-serstep.yml.log
CEGAR_PRED_BTOR,resistance.2.prop1-func-interl.btor2,resistance.2,6,589,3,3,714,fight_xcfa\btor2-xcfa\resistance.2.prop1-back-serstep.yml\xcfa.json,opt_algos_logfiles\btor2-algos-opt.2025-12-07_02-16-12.logfiles\btor2-pred-cegar.adding.1.prop1-back-serstep.yml.log
CEGAR_PRED_BTOR,resistance.2.prop2-back-serstep.btor2,resistance.2,6,589,3,3,714,fight_xcfa\btor2-xcfa\resistance.2.prop1-back-serstep.yml\xcfa.json,opt_algos_logfiles\btor2-algos-opt.2025-12-07_02-16-12.logfiles\btor2-pred-cegar.adding.1.prop1-back-serstep.yml.log
CEGAR_PRED_BTOR,resistance.2.prop2-func-interl.btor2,resistance.2,6,589,3,3,714,fight_xcfa\btor2-xcfa\resistance.2.prop1-back-serstep.yml\xcfa.json,opt_algos_logfiles\btor2-algos-opt.2025-12-07_02-16-12.logfiles\btor2-pred-cegar.adding.1.prop1-back-serstep.yml.log
CEGAR_PRED_BTOR,resistance.2.prop3-back-serstep.btor2,resistance.2,6,589,3,3,714,fight_xcfa\btor2-xcfa\resistance.2.prop1-back-serstep.yml\xcfa.json,opt_algos_logfiles\btor2-algos-opt.2025-12-07_02-16-12.logfiles\btor2-pred-cegar.adding.1.prop1-back-serstep.yml.log
CEGAR_PRED_BTOR,resistance.2.prop3-func-interl.btor2,resistance.2,6,589,3,3,714,fight_xcfa\btor2-xcfa\resistance.2.prop1-back-serstep.yml\xcfa.json,opt_algos_logfiles\btor2-algos-opt.2025-12-07_02-16-12.logfiles\btor2-pred-cegar.adding.1.prop1-back-serstep.yml.log
CEGAR_PRED_BTOR,schedule_world.1.prop1-back-serstep.btor2,schedule_world.1,6,520,3,3,640,fight_xcfa\btor2-xcfa\schedule_world.1.prop1-back-serstep.yml\xcfa.json,opt_algos_logfiles\btor2-algos-opt.2025-12-07_02-16-12.logfiles\btor2-pred-cegar.adding.1.prop1-back-serstep.yml.log
CEGAR_PRED_BTOR,schedule_world.2.prop1-back-serstep.btor2,schedule_world.2,6,727,3,3,883,fight_xcfa\btor2-xcfa\schedule_world.2.prop1-back-serstep.yml\xcfa.json,opt_algos_logfiles\btor2-algos-opt.2025-12-07_02-16-12.logfiles\btor2-pred-cegar.adding.1.prop1-back-serstep.yml.log
CEGAR_PRED_BTOR,schedule_world.2.prop1-func-interl.btor2,schedule_world.2,6,727,3,3,883,fight_xcfa\btor2-xcfa\schedule_world.2.prop1-back-serstep.yml\xcfa.json,opt_algos_logfiles\btor2-algos-opt.2025-12-07_02-16-12.logfiles\btor2-pred-cegar.adding.1.prop1-back-serstep.yml.log
CEGAR_PRED_BTOR,schedule_world.3.prop1-back-serstep.btor2,schedule_world.3,6,934,3,3,1126,fight_xcfa\btor2-xcfa\schedule_world.3.prop1-back-serstep.yml\xcfa.json,opt_algos_logfiles\btor2-algos-opt.2025-12-07_02-16-12.logfiles\btor2-pred-cegar.adding.1.prop1-back-serstep.yml.log
CEGAR_PRED_BTOR,schedule_world.3.prop1-func-interl.btor2,schedule_world.3,6,934,3,3,1126,fight_xcfa\btor2-xcfa\schedule_world.3.prop1-back-serstep.yml\xcfa.json,opt_algos_logfiles\btor2-algos-opt.2025-12-07_02-16-12.logfiles\btor2-pred-cegar.adding.1.prop1-back-serstep.yml.log
CEGAR_PRED_BTOR,count2.btor2,count2,6,3,3,3,8,fight_xcfa\btor2-xcfa\count2.yml\xcfa.json,opt_algos_logfiles\btor2-algos-opt.2025-12-07_02-16-12.logfiles\btor2-pred-cegar.adding.1.prop1-back-serstep.yml.log
CEGAR_PRED_BTOR,count4.btor2,count4,6,3,3,3,8,fight_xcfa\btor2-xcfa\count4.yml\xcfa.json,opt_algos_logfiles\btor2-algos-opt.2025-12-07_02-16-12.logfiles\btor2-pred-cegar.adding.1.prop1-back-serstep.yml.log
CEGAR_PRED_BTOR,factorial4even.btor2,factorial4even,6,8,4,5,17,fight_xcfa\btor2-xcfa\factorial4even.yml\xcfa.json,opt_algos_logfiles\btor2-algos-opt.2025-12-07_02-16-12.logfiles\btor2-pred-cegar.adding.1.prop1-back-serstep.yml.log
CEGAR_PRED_BTOR,recount4.btor2,recount4,6,7,3,3,16,fight_xcfa\btor2-xcfa\recount4.yml\xcfa.json,opt_algos_logfiles\btor2-algos-opt.2025-12-07_02-16-12.logfiles\btor2-pred-cegar.adding.1.prop1-back-serstep.yml.log
CEGAR_PRED_BTOR,twocount2.btor2,twocount2,6,10,3,3,22,fight_xcfa\btor2-xcfa\twocount2.yml\xcfa.json,opt_algos_logfiles\btor2-algos-opt.2025-12-07_02-16-12.logfiles\btor2-pred-cegar.adding.1.prop1-back-serstep.yml.log
CEGAR_PRED_BTOR,twocount32.btor2,twocount32,6,10,3,3,22,fight_xcfa\btor2-xcfa\twocount32.yml\xcfa.json,opt_algos_logfiles\btor2-algos-opt.2025-12-07_02-16-12.logfiles\btor2-pred-cegar.adding.1.prop1-back-serstep.yml.log
CEGAR_PRED_BTOR,Huffman_dec.btor2,Huffman_dec,6,193,3,3,285,fight_xcfa\btor2-xcfa\Huffman_dec.yml\xcfa.json,opt_algos_logfiles\btor2-algos-opt.2025-12-07_02-16-12.logfiles\btor2-pred-cegar.adding.1.prop1-back-serstep.yml.log
CEGAR_PRED_BTOR,Huffman_enc.btor2,Huffman_enc,6,103,3,3,115,fight_xcfa\btor2-xcfa\Huffman_enc.yml\xcfa.json,opt_algos_logfiles\btor2-algos-opt.2025-12-07_02-16-12.logfiles\btor2-pred-cegar.adding.1.prop1-back-serstep.yml.log
CEGAR_PRED_BTOR,stack-p1.btor2,stack-p1,6,802,3,3,835,fight_xcfa\btor2-xcfa\stack-p1.yml\xcfa.json,opt_algos_logfiles\btor2-algos-opt.2025-12-07_02-16-12.logfiles\btor2-pred-cegar.adding.1.prop1-back-serstep.yml.log
CEGAR_PRED_BTOR,stack-p2.btor2,stack-p2,6,735,3,3,768,fight_xcfa\btor2-xcfa\stack-p2.yml\xcfa.json,opt_algos_logfiles\btor2-algos-opt.2025-12-07_02-16-12.logfiles\btor2-pred-cegar.adding.1.prop1-back-serstep.yml.log
CEGAR_PRED_C,elevator.1.prop1-back-serstep.c,elevator.1,5,2089,5,4,4916,fight_xcfa\c-xcfa\elevator.1.prop1-back-serstep.yml\xcfa.json,opt_algos_logfiles\c-algos.2025-12-07_02-30-26.logfiles\c-pred-cegar.adding.1.prop1-back-serstep.yml.log
CEGAR_PRED_C,elevator.1.prop1-func-interl.c,elevator.1,5,2089,5,4,4916,fight_xcfa\c-xcfa\elevator.1.prop1-back-serstep.yml\xcfa.json,opt_algos_logfiles\c-algos.2025-12-07_02-30-26.logfiles\c-pred-cegar.adding.1.prop1-back-serstep.yml.log
CEGAR_PRED_C,elevator.2.prop1-func-interl.c,elevator.2,5,1824,5,4,4297,fight_xcfa\c-xcfa\elevator.2.prop1-back-serstep.yml\xcfa.json,opt_algos_logfiles\c-algos.2025-12-07_02-30-26.logfiles\c-pred-cegar.adding.1.prop1-back-serstep.yml.log
CEGAR_PRED_C,lup.1.prop1-back-serstep.c,lup.1,5,2442,5,4,5702,fight_xcfa\c-xcfa\lup.1.prop1-back-serstep.yml\xcfa.json,opt_algos_logfiles\c-algos.2025-12-07_02-30-26.logfiles\c-pred-cegar.adding.1.prop1-back-serstep.yml.log
CEGAR_PRED_C,lup.1.prop1-func-interl.c,lup.1,5,2442,5,4,5702,fight_xcfa\c-xcfa\lup.1.prop1-back-serstep.yml\xcfa.json,opt_algos_logfiles\c-algos.2025-12-07_02-30-26.logfiles\c-pred-cegar.adding.1.prop1-back-serstep.yml.log
CEGAR_PRED_C,lup.2.prop1-back-serstep.c,lup.2,5,5072,5,4,11754,fight_xcfa\c-xcfa\lup.2.prop1-back-serstep.yml\xcfa.json,opt_algos_logfiles\c-algos.2025-12-07_02-30-26.logfiles\c-pred-cegar.adding.1.prop1-back-serstep.yml.log
CEGAR_PRED_C,lup.2.prop1-func-interl.c,lup.2,5,5072,5,4,11754,fight_xcfa\c-xcfa\lup.2.prop1-back-serstep.yml\xcfa.json,opt_algos_logfiles\c-algos.2025-12-07_02-30-26.logfiles\c-pred-cegar.adding.1.prop1-back-serstep.yml.log
CEGAR_PRED_C,lup.3.prop1-back-serstep.c,lup.3,5,5752,5,4,13312,fight_xcfa\c-xcfa\lup.3.prop1-back-serstep.yml\xcfa.json,opt_algos_logfiles\c-algos.2025-12-07_02-30-26.logfiles\c-pred-cegar.adding.1.prop1-back-serstep.yml.log
CEGAR_PRED_C,lup.3.prop1-func-interl.c,lup.3,5,5752,5,4,13312,fight_xcfa\c-xcfa\lup.3.prop1-back-serstep.yml\xcfa.json,opt_algos_logfiles\c-algos.2025-12-07_02-30-26.logfiles\c-pred-cegar.adding.1.prop1-back-serstep.yml.log
CEGAR_PRED_C,lup.4.prop1-back-serstep.c,lup.4,5,6441,5,4,14888,fight_xcfa\c-xcfa\lup.4.prop1-back-serstep.yml\xcfa.json,opt_algos_logfiles\c-algos.2025-12-07_02-30-26.logfiles\c-pred-cegar.adding.1.prop1-back-serstep.yml.log
CEGAR_PRED_C,lup.4.prop1-func-interl.c,lup.4,5,6441,5,4,14888,fight_xcfa\c-xcfa\lup.4.prop1-back-serstep.yml\xcfa.json,opt_algos_logfiles\c-algos.2025-12-07_02-30-26.logfiles\c-pred-cegar.adding.1.prop1-back-serstep.yml.log
CEGAR_PRED_C,pgm_protocol.2.prop1-back-serstep.c,pgm_protocol.2,5,12132,5,4,28094,fight_xcfa\c-xcfa\pgm_protocol.2.prop5-back-serstep.yml\xcfa.json,opt_algos_logfiles\c-algos.2025-12-07_02-30-26.logfiles\c-pred-cegar.adding.1.prop1-back-serstep.yml.log
CEGAR_PRED_C,pgm_protocol.5.prop1-back-serstep.c,pgm_protocol.5,5,10676,5,4,24473,fight_xcfa\c-xcfa\pgm_protocol.5.prop1-func-interl.yml\xcfa.json,opt_algos_logfiles\c-algos.2025-12-07_02-30-26.logfiles\c-pred-cegar.adding.1.prop1-back-serstep.yml.log
CEGAR_PRED_C,pgm_protocol.6.prop1-back-serstep.c,pgm_protocol.6,5,10774,5,4,24689,fight_xcfa\c-xcfa\pgm_protocol.6.prop6-func-interl.yml\xcfa.json,opt_algos_logfiles\c-algos.2025-12-07_02-30-26.logfiles\c-pred-cegar.adding.1.prop1-back-serstep.yml.log
CEGAR_PRED_C,pgm_protocol.7.prop1-back-serstep.c,pgm_protocol.7,5,10660,5,4,24439,fight_xcfa\c-xcfa\pgm_protocol.7.prop5-func-interl.yml\xcfa.json,opt_algos_logfiles\c-algos.2025-12-07_02-30-26.logfiles\c-pred-cegar.adding.1.prop1-back-serstep.yml.log
CEGAR_PRED_C,production_cell.1.prop1-func-interl.c,production_cell.1,5,1993,5,4,4785,fight_xcfa\c-xcfa\production_cell.1.prop1-back-serstep.yml\xcfa.json,opt_algos_logfiles\c-algos.2025-12-07_02-30-26.logfiles\c-pred-cegar.adding.1.prop1-back-serstep.yml.log
CEGAR_PRED_C,resistance.1.prop1-back-serstep.c,resistance.1,5,1285,5,4,3149,fight_xcfa\c-xcfa\resistance.1.prop1-back-serstep.yml\xcfa.json,opt_algos_logfiles\c-algos.2025-12-07_02-30-26.logfiles\c-pred-cegar.adding.1.prop1-back-serstep.yml.log
CEGAR_PRED_C,resistance.1.prop1-func-interl.c,resistance.1,5,1285,5,4,3149,fight_xcfa\c-xcfa\resistance.1.prop1-back-serstep.yml\xcfa.json,opt_algos_logfiles\c-algos.2025-12-07_02-30-26.logfiles\c-pred-cegar.adding.1.prop1-back-serstep.yml.log
CEGAR_PRED_C,resistance.1.prop2-back-serstep.c,resistance.1,5,1285,5,4,3149,fight_xcfa\c-xcfa\resistance.1.prop1-back-serstep.yml\xcfa.json,opt_algos_logfiles\c-algos.2025-12-07_02-30-26.logfiles\c-pred-cegar.adding.1.prop1-back-serstep.yml.log
CEGAR_PRED_C,resistance.1.prop2-func-interl.c,resistance.1,5,1285,5,4,3149,fight_xcfa\c-xcfa\resistance.1.prop1-back-serstep.yml\xcfa.json,opt_algos_logfiles\c-algos.2025-12-07_02-30-26.logfiles\c-pred-cegar.adding.1.prop1-back-serstep.yml.log
CEGAR_PRED_C,resistance.1.prop3-back-serstep.c,resistance.1,5,1285,5,4,3149,fight_xcfa\c-xcfa\resistance.1.prop1-back-serstep.yml\xcfa.json,opt_algos_logfiles\c-algos.2025-12-07_02-30-26.logfiles\c-pred-cegar.adding.1.prop1-back-serstep.yml.log
CEGAR_PRED_C,resistance.1.prop3-func-interl.c,resistance.1,5,1285,5,4,3149,fight_xcfa\c-xcfa\resistance.1.prop1-back-serstep.yml\xcfa.json,opt_algos_logfiles\c-algos.2025-12-07_02-30-26.logfiles\c-pred-cegar.adding.1.prop1-back-serstep.yml.log
CEGAR_PRED_C,resistance.2.prop2-back-serstep.c,resistance.2,5,1586,5,4,3887,fight_xcfa\c-xcfa\resistance.2.prop1-back-serstep.yml\xcfa.json,opt_algos_logfiles\c-algos.2025-12-07_02-30-26.logfiles\c-pred-cegar.adding.1.prop1-back-serstep.yml.log
CEGAR_PRED_C,resistance.2.prop2-func-interl.c,resistance.2,5,1586,5,4,3887,fight_xcfa\c-xcfa\resistance.2.prop1-back-serstep.yml\xcfa.json,opt_algos_logfiles\c-algos.2025-12-07_02-30-26.logfiles\c-pred-cegar.adding.1.prop1-back-serstep.yml.log
CEGAR_PRED_C,resistance.2.prop3-back-serstep.c,resistance.2,5,1586,5,4,3887,fight_xcfa\c-xcfa\resistance.2.prop1-back-serstep.yml\xcfa.json,opt_algos_logfiles\c-algos.2025-12-07_02-30-26.logfiles\c-pred-cegar.adding.1.prop1-back-serstep.yml.log
CEGAR_PRED_C,resistance.2.prop3-func-interl.c,resistance.2,5,1586,5,4,3887,fight_xcfa\c-xcfa\resistance.2.prop1-back-serstep.yml\xcfa.json,opt_algos_logfiles\c-algos.2025-12-07_02-30-26.logfiles\c-pred-cegar.adding.1.prop1-back-serstep.yml.log
CEGAR_PRED_C,count2.c,count2,5,11,5,4,30,fight_xcfa\c-xcfa\count2.yml\xcfa.json,opt_algos_logfiles\c-algos.2025-12-07_02-30-26.logfiles\c-pred-cegar.adding.1.prop1-back-serstep.yml.log
CEGAR_PRED_C,count4.c,count4,5,11,5,4,30,fight_xcfa\c-xcfa\count4.yml\xcfa.json,opt_algos_logfiles\c-algos.2025-12-07_02-30-26.logfiles\c-pred-cegar.adding.1.prop1-back-serstep.yml.log
CEGAR_PRED_C,factorial4even.c,factorial4even,5,25,5,5,70,fight_xcfa\c-xcfa\factorial4even.yml\xcfa.json,opt_algos_logfiles\c-algos.2025-12-07_02-30-26.logfiles\c-pred-cegar.adding.1.prop1-back-serstep.yml.log
CEGAR_PRED_C,twocount2.c,twocount2,5,30,5,4,82,fight_xcfa\c-xcfa\twocount2.yml\xcfa.json,opt_algos_logfiles\c-algos.2025-12-07_02-30-26.logfiles\c-pred-cegar.adding.1.prop1-back-serstep.yml.log
CEGAR_PRED_C,Huffman_dec.c,Huffman_dec,5,448,5,4,990,fight_xcfa\c-xcfa\Huffman_dec.yml\xcfa.json,opt_algos_logfiles\c-algos.2025-12-07_02-30-26.logfiles\c-pred-cegar.adding.1.prop1-back-serstep.yml.log
CEGAR_PRED_C,Huffman_enc.c,Huffman_enc,5,240,5,4,516,fight_xcfa\c-xcfa\Huffman_enc.yml\xcfa.json,opt_algos_logfiles\c-algos.2025-12-07_02-30-26.logfiles\c-pred-cegar.adding.1.prop1-back-serstep.yml.log
CEGAR_EXPL_BTOR,driving_phils.1.prop1-back-serstep.btor2,driving_phils.1,5,934,3,3,1091,fight_xcfa\btor2-xcfa\driving_phils.1.prop1-back-serstep.yml\xcfa.json,opt_algos_logfiles\btor2-algos-opt.2025-12-07_02-16-12.logfiles\btor2-expl-cegar.adding.1.prop1-back-serstep.yml.log
CEGAR_EXPL_BTOR,driving_phils.1.prop1-func-interl.btor2,driving_phils.1,5,934,3,3,1091,fight_xcfa\btor2-xcfa\driving_phils.1.prop1-back-serstep.yml\xcfa.json,opt_algos_logfiles\btor2-algos-opt.2025-12-07_02-16-12.logfiles\btor2-expl-cegar.adding.1.prop1-back-serstep.yml.log
CEGAR_EXPL_BTOR,driving_phils.2.prop1-back-serstep.btor2,driving_phils.2,5,974,3,3,1162,fight_xcfa\btor2-xcfa\driving_phils.2.prop1-back-serstep.yml\xcfa.json,opt_algos_logfiles\btor2-algos-opt.2025-12-07_02-16-12.logfiles\btor2-expl-cegar.adding.1.prop1-back-serstep.yml.log
CEGAR_EXPL_BTOR,driving_phils.2.prop1-func-interl.btor2,driving_phils.2,5,974,3,3,1162,fight_xcfa\btor2-xcfa\driving_phils.2.prop1-back-serstep.yml\xcfa.json,opt_algos_logfiles\btor2-algos-opt.2025-12-07_02-16-12.logfiles\btor2-expl-cegar.adding.1.prop1-back-serstep.yml.log
CEGAR_EXPL_BTOR,driving_phils.3.prop1-back-serstep.btor2,driving_phils.3,5,1270,3,3,1472,fight_xcfa\btor2-xcfa\driving_phils.3.prop1-back-serstep.yml\xcfa.json,opt_algos_logfiles\btor2-algos-opt.2025-12-07_02-16-12.logfiles\btor2-expl-cegar.adding.1.prop1-back-serstep.yml.log
CEGAR_EXPL_BTOR,driving_phils.3.prop1-func-interl.btor2,driving_phils.3,5,1270,3,3,1472,fight_xcfa\btor2-xcfa\driving_phils.3.prop1-back-serstep.yml\xcfa.json,opt_algos_logfiles\btor2-algos-opt.2025-12-07_02-16-12.logfiles\btor2-expl-cegar.adding.1.prop1-back-serstep.yml.log
CEGAR_EXPL_BTOR,driving_phils.4.prop1-back-serstep.btor2,driving_phils.4,5,1410,3,3,1645,fight_xcfa\btor2-xcfa\driving_phils.4.prop1-back-serstep.yml\xcfa.json,opt_algos_logfiles\btor2-algos-opt.2025-12-07_02-16-12.logfiles\btor2-expl-cegar.adding.1.prop1-back-serstep.yml.log
CEGAR_EXPL_BTOR,driving_phils.4.prop1-func-interl.btor2,driving_phils.4,5,1410,3,3,1645,fight_xcfa\btor2-xcfa\driving_phils.4.prop1-back-serstep.yml\xcfa.json,opt_algos_logfiles\btor2-algos-opt.2025-12-07_02-16-12.logfiles\btor2-expl-cegar.adding.1.prop1-back-serstep.yml.log
CEGAR_EXPL_BTOR,driving_phils.5.prop1-back-serstep.btor2,driving_phils.5,5,1214,3,3,1439,fight_xcfa\btor2-xcfa\driving_phils.5.prop1-back-serstep.yml\xcfa.json,opt_algos_logfiles\btor2-algos-opt.2025-12-07_02-16-12.logfiles\btor2-expl-cegar.adding.1.prop1-back-serstep.yml.log
CEGAR_EXPL_BTOR,driving_phils.5.prop1-func-interl.btor2,driving_phils.5,5,1214,3,3,1439,fight_xcfa\btor2-xcfa\driving_phils.5.prop1-back-serstep.yml\xcfa.json,opt_algos_logfiles\btor2-algos-opt.2025-12-07_02-16-12.logfiles\btor2-expl-cegar.adding.1.prop1-back-serstep.yml.log
CEGAR_EXPL_BTOR,production_cell.1.prop1-back-serstep.btor2,production_cell.1,5,724,3,3,901,fight_xcfa\btor2-xcfa\production_cell.1.prop1-back-serstep.yml\xcfa.json,opt_algos_logfiles\btor2-algos-opt.2025-12-07_02-16-12.logfiles\btor2-expl-cegar.adding.1.prop1-back-serstep.yml.log
CEGAR_EXPL_BTOR,production_cell.1.prop1-func-interl.btor2,production_cell.1,5,724,3,3,901,fight_xcfa\btor2-xcfa\production_cell.1.prop1-back-serstep.yml\xcfa.json,opt_algos_logfiles\btor2-algos-opt.2025-12-07_02-16-12.logfiles\btor2-expl-cegar.adding.1.prop1-back-serstep.yml.log
CEGAR_EXPL_BTOR,production_cell.3.prop1-back-serstep.btor2,production_cell.3,5,1039,3,3,1276,fight_xcfa\btor2-xcfa\production_cell.3.prop1-back-serstep.yml\xcfa.json,opt_algos_logfiles\btor2-algos-opt.2025-12-07_02-16-12.logfiles\btor2-expl-cegar.adding.1.prop1-back-serstep.yml.log
CEGAR_EXPL_BTOR,production_cell.3.prop1-func-interl.btor2,production_cell.3,5,1039,3,3,1276,fight_xcfa\btor2-xcfa\production_cell.3.prop1-back-serstep.yml\xcfa.json,opt_algos_logfiles\btor2-algos-opt.2025-12-07_02-16-12.logfiles\btor2-expl-cegar.adding.1.prop1-back-serstep.yml.log
CEGAR_EXPL_BTOR,production_cell.5.prop1-back-serstep.btor2,production_cell.5,5,1249,3,3,1526,fight_xcfa\btor2-xcfa\production_cell.5.prop1-back-serstep.yml\xcfa.json,opt_algos_logfiles\btor2-algos-opt.2025-12-07_02-16-12.logfiles\btor2-expl-cegar.adding.1.prop1-back-serstep.yml.log
CEGAR_EXPL_BTOR,production_cell.5.prop1-func-interl.btor2,production_cell.5,5,1249,3,3,1526,fight_xcfa\btor2-xcfa\production_cell.5.prop1-back-serstep.yml\xcfa.json,opt_algos_logfiles\btor2-algos-opt.2025-12-07_02-16-12.logfiles\btor2-expl-cegar.adding.1.prop1-back-serstep.yml.log
CEGAR_EXPL_BTOR,production_cell.6.prop1-back-serstep.btor2,production_cell.6,5,1459,3,3,1776,fight_xcfa\btor2-xcfa\production_cell.6.prop1-back-serstep.yml\xcfa.json,opt_algos_logfiles\btor2-algos-opt.2025-12-07_02-16-12.logfiles\btor2-expl-cegar.adding.1.prop1-back-serstep.yml.log
CEGAR_EXPL_BTOR,production_cell.6.prop1-func-interl.btor2,production_cell.6,5,1459,3,3,1776,fight_xcfa\btor2-xcfa\production_cell.6.prop1-back-serstep.yml\xcfa.json,opt_algos_logfiles\btor2-algos-opt.2025-12-07_02-16-12.logfiles\btor2-expl-cegar.adding.1.prop1-back-serstep.yml.log
CEGAR_EXPL_BTOR,schedule_world.3.prop1-back-serstep.btor2,schedule_world.3,5,934,3,3,1126,fight_xcfa\btor2-xcfa\schedule_world.3.prop1-back-serstep.yml\xcfa.json,opt_algos_logfiles\btor2-algos-opt.2025-12-07_02-16-12.logfiles\btor2-expl-cegar.adding.1.prop1-back-serstep.yml.log
CEGAR_EXPL_BTOR,schedule_world.3.prop1-func-interl.btor2,schedule_world.3,5,934,3,3,1126,fight_xcfa\btor2-xcfa\schedule_world.3.prop1-back-serstep.yml\xcfa.json,opt_algos_logfiles\btor2-algos-opt.2025-12-07_02-16-12.logfiles\btor2-expl-cegar.adding.1.prop1-back-serstep.yml.log
CEGAR_EXPL_BTOR,count2.btor2,count2,5,3,3,3,8,fight_xcfa\btor2-xcfa\count2.yml\xcfa.json,opt_algos_logfiles\btor2-algos-opt.2025-12-07_02-16-12.logfiles\btor2-expl-cegar.adding.1.prop1-back-serstep.yml.log
CEGAR_EXPL_BTOR,count4.btor2,count4,5,3,3,3,8,fight_xcfa\btor2-xcfa\count4.yml\xcfa.json,opt_algos_logfiles\btor2-algos-opt.2025-12-07_02-16-12.logfiles\btor2-expl-cegar.adding.1.prop1-back-serstep.yml.log
CEGAR_EXPL_BTOR,Huffman_dec.btor2,Huffman_dec,5,193,3,3,285,fight_xcfa\btor2-xcfa\Huffman_dec.yml\xcfa.json,opt_algos_logfiles\btor2-algos-opt.2025-12-07_02-16-12.logfiles\btor2-expl-cegar.adding.1.prop1-back-serstep.yml.log
CEGAR_EXPL_BTOR,Huffman_enc.btor2,Huffman_enc,5,103,3,3,115,fight_xcfa\btor2-xcfa\Huffman_enc.yml\xcfa.json,opt_algos_logfiles\btor2-algos-opt.2025-12-07_02-16-12.logfiles\btor2-expl-cegar.adding.1.prop1-back-serstep.yml.log
CEGAR_EXPL_BTOR,stack-p1.btor2,stack-p1,5,802,3,3,835,fight_xcfa\btor2-xcfa\stack-p1.yml\xcfa.json,opt_algos_logfiles\btor2-algos-opt.2025-12-07_02-16-12.logfiles\btor2-expl-cegar.adding.1.prop1-back-serstep.yml.log
CEGAR_EXPL_C,driving_phils.2.prop1-func-interl.c,driving_phils.2,3,2551,5,4,6027,fight_xcfa\c-xcfa\driving_phils.2.prop1-back-serstep.yml\xcfa.json,opt_algos_logfiles\c-algos.2025-12-07_02-30-26.logfiles\c-expl-cegar.adding.1.prop1-back-serstep.yml.log
CEGAR_EXPL_C,production_cell.1.prop1-func-interl.c,production_cell.1,3,1993,5,4,4785,fight_xcfa\c-xcfa\production_cell.1.prop1-back-serstep.yml\xcfa.json,opt_algos_logfiles\c-algos.2025-12-07_02-30-26.logfiles\c-expl-cegar.adding.1.prop1-back-serstep.yml.log
CEGAR_EXPL_C,count2.c,count2,3,11,5,4,30,fight_xcfa\c-xcfa\count2.yml\xcfa.json,opt_algos_logfiles\c-algos.2025-12-07_02-30-26.logfiles\c-expl-cegar.adding.1.prop1-back-serstep.yml.log
CEGAR_EXPL_C,count4.c,count4,3,11,5,4,30,fight_xcfa\c-xcfa\count4.yml\xcfa.json,opt_algos_logfiles\c-algos.2025-12-07_02-30-26.logfiles\c-expl-cegar.adding.1.prop1-back-serstep.yml.log
CEGAR_EXPL_C,factorial4even.c,factorial4even,3,25,5,5,70,fight_xcfa\c-xcfa\factorial4even.yml\xcfa.json,opt_algos_logfiles\c-algos.2025-12-07_02-30-26.logfiles\c-expl-cegar.adding.1.prop1-back-serstep.yml.log
CEGAR_EXPL_C,Huffman_dec.c,Huffman_dec,3,448,5,4,990,fight_xcfa\c-xcfa\Huffman_dec.yml\xcfa.json,opt_algos_logfiles\c-algos.2025-12-07_02-30-26.logfiles\c-expl-cegar.adding.1.prop1-back-serstep.yml.log
CEGAR_EXPL_C,Huffman_enc.c,Huffman_enc,3,240,5,4,516,fight_xcfa\c-xcfa\Huffman_enc.yml\xcfa.json,opt_algos_logfiles\c-algos.2025-12-07_02-30-26.logfiles\c-expl-cegar.adding.1.prop1-back-serstep.yml.log
