Algorithm,Benchmark,CPU_Time_Seconds,Memory_MB,Iterations,Vars,Locs,Edges,Atomic_Stmts,Algo_Type,Algo_Category
BMC_BTOR,adding.1.prop1-back-serstep.btor2,92.29727891,382.69921875,8,138,3,3,178,BTOR,BMC
BMC_BTOR,anderson.1.prop1-back-serstep.btor2,46.874663572,352.609375,8,287,3,3,353,BTOR,BMC
BMC_BTOR,anderson.3.prop1-back-serstep.btor2,725.423637169,1813.80078125,8,450,3,3,545,BTOR,BMC
BMC_BTOR,bakery.2.prop1-back-serstep.btor2,818.584919371,630.63671875,8,367,3,3,449,BTOR,BMC
BMC_BTOR,driving_phils.1.prop1-back-serstep.btor2,50.17857836,1048.96875,8,934,3,3,1091,BTOR,BMC
BMC_BTOR,driving_phils.1.prop1-func-interl.btor2,10.4032154,277.734375,8,934,3,3,1091,BTOR,BMC
BMC_BTOR,driving_phils.2.prop1-back-serstep.btor2,59.210585932,904.72265625,8,974,3,3,1162,BTOR,BMC
BMC_BTOR,driving_phils.2.prop1-func-interl.btor2,9.516794996,390.3515625,8,974,3,3,1162,BTOR,BMC
BMC_BTOR,driving_phils.3.prop1-back-serstep.btor2,63.98612546,1494.47265625,8,1270,3,3,1472,BTOR,BMC
BMC_BTOR,driving_phils.3.prop1-func-interl.btor2,19.860110198,556.8515625,8,1270,3,3,1472,BTOR,BMC
BMC_BTOR,driving_phils.4.prop1-back-serstep.btor2,99.904545501,1431.4140625,8,1410,3,3,1645,BTOR,BMC
BMC_BTOR,driving_phils.4.prop1-func-interl.btor2,12.637310554,599.3046875,8,1410,3,3,1645,BTOR,BMC
BMC_BTOR,driving_phils.5.prop1-back-serstep.btor2,77.241736325,1200.15625,8,1214,3,3,1439,BTOR,BMC
BMC_BTOR,driving_phils.5.prop1-func-interl.btor2,12.523382688,515.35546875,8,1214,3,3,1439,BTOR,BMC
BMC_BTOR,leader_filters.2.prop1-back-serstep.btor2,841.45457847,904.359375,8,831,3,3,1027,BTOR,BMC
BMC_BTOR,peterson.3.prop1-back-serstep.btor2,151.15047855,664.44140625,8,481,3,3,599,BTOR,BMC
BMC_BTOR,peterson.6.prop1-back-serstep.btor2,777.177637796,960.8046875,8,664,3,3,820,BTOR,BMC
BMC_BTOR,production_cell.1.prop1-back-serstep.btor2,14.840065535,513.53515625,8,724,3,3,901,BTOR,BMC
BMC_BTOR,production_cell.1.prop1-func-interl.btor2,10.458198695,274.75,8,724,3,3,901,BTOR,BMC
BMC_BTOR,production_cell.3.prop1-back-serstep.btor2,21.37813281,943.6796875,8,1039,3,3,1276,BTOR,BMC
BMC_BTOR,production_cell.3.prop1-func-interl.btor2,20.948171702,403.359375,8,1039,3,3,1276,BTOR,BMC
BMC_BTOR,production_cell.5.prop1-back-serstep.btor2,45.233133078,1051.32421875,8,1249,3,3,1526,BTOR,BMC
BMC_BTOR,production_cell.5.prop1-func-interl.btor2,19.960242144,594.03125,8,1249,3,3,1526,BTOR,BMC
BMC_BTOR,production_cell.6.prop1-back-serstep.btor2,31.668294405,1394.1328125,8,1459,3,3,1776,BTOR,BMC
BMC_BTOR,production_cell.6.prop1-func-interl.btor2,22.842975806,926.71484375,8,1459,3,3,1776,BTOR,BMC
BMC_BTOR,protocols.1.prop1-back-serstep.btor2,136.037948449,375.4140625,8,324,3,3,420,BTOR,BMC
BMC_BTOR,protocols.1.prop1-func-interl.btor2,90.575514531,418.3515625,8,324,3,3,420,BTOR,BMC
BMC_BTOR,protocols.2.prop1-back-serstep.btor2,243.849798356,384.52734375,8,367,3,3,474,BTOR,BMC
BMC_BTOR,protocols.2.prop1-func-interl.btor2,434.96834111,458.1640625,8,367,3,3,474,BTOR,BMC
BMC_BTOR,protocols.3.prop1-back-serstep.btor2,640.06669214,859.66015625,8,459,3,3,581,BTOR,BMC
BMC_BTOR,protocols.3.prop1-func-interl.btor2,309.080580166,825.12109375,8,459,3,3,581,BTOR,BMC
BMC_BTOR,protocols.4.prop1-back-serstep.btor2,596.32613662,827.72265625,8,459,3,3,581,BTOR,BMC
BMC_BTOR,protocols.4.prop1-func-interl.btor2,796.273220115,803.61328125,8,459,3,3,581,BTOR,BMC
BMC_BTOR,protocols.5.prop1-back-serstep.btor2,519.249511961,875.765625,8,459,3,3,581,BTOR,BMC
BMC_BTOR,protocols.5.prop1-func-interl.btor2,252.019228605,796.68359375,8,459,3,3,581,BTOR,BMC
BMC_BTOR,resistance.2.prop1-back-serstep.btor2,269.319648851,654.05078125,8,589,3,3,714,BTOR,BMC
BMC_BTOR,resistance.2.prop1-func-interl.btor2,124.634861031,542.96875,8,589,3,3,714,BTOR,BMC
BMC_BTOR,schedule_world.1.prop1-back-serstep.btor2,68.167547013,644.30859375,8,520,3,3,640,BTOR,BMC
BMC_BTOR,schedule_world.1.prop1-func-interl.btor2,198.577448981,667.125,8,520,3,3,640,BTOR,BMC
BMC_BTOR,schedule_world.2.prop1-back-serstep.btor2,150.324688418,839.98828125,8,727,3,3,883,BTOR,BMC
BMC_BTOR,schedule_world.2.prop1-func-interl.btor2,18.423315291,542.39453125,8,727,3,3,883,BTOR,BMC
BMC_BTOR,schedule_world.3.prop1-back-serstep.btor2,42.877517085,1107.02734375,8,934,3,3,1126,BTOR,BMC
BMC_BTOR,schedule_world.3.prop1-func-interl.btor2,23.136677681,666.60546875,8,934,3,3,1126,BTOR,BMC
BMC_BTOR,count2.btor2,6.397559792,135.64453125,8,3,3,3,8,BTOR,BMC
BMC_BTOR,count4.btor2,7.614810867,138.9921875,8,3,3,3,8,BTOR,BMC
BMC_BTOR,factorial4even.btor2,9.895660123,185.78515625,8,8,4,5,17,BTOR,BMC
BMC_BTOR,recount4.btor2,12.182520399,169.44140625,8,7,3,3,16,BTOR,BMC
BMC_BTOR,twocount2.btor2,7.60825332,144.9453125,8,10,3,3,22,BTOR,BMC
BMC_BTOR,twocount32.btor2,8.307566931,174.73828125,8,10,3,3,22,BTOR,BMC
BMC_BTOR,stack-p1.btor2,84.828345914,1350.5703125,8,802,3,3,835,BTOR,BMC
BMC_C,driving_phils.2.prop1-func-interl.c,801.690159206,5702.84375,14,2551,5,4,6027,C,BMC
BMC_C,count2.c,6.683339845,209.421875,14,11,5,4,30,C,BMC
BMC_C,count4.c,9.664287981,232.72265625,14,11,5,4,30,C,BMC
BMC_C,factorial4even.c,26.78438209,304.83203125,14,25,5,5,70,C,BMC
BMC_C,recount4.c,320.110123159,437.046875,14,20,5,4,60,C,BMC
BMC_C,twocount2.c,12.702560833,279.88671875,14,30,5,4,82,C,BMC
BMC_C,twocount32.c,23.758205908,328.1640625,14,28,5,4,74,C,BMC
IMC_BTOR,anderson.1.prop1-back-serstep.btor2,55.218505571,485.69921875,4,287,3,3,353,BTOR,IMC
IMC_BTOR,driving_phils.1.prop1-back-serstep.btor2,57.839633951,1213.62890625,4,934,3,3,1091,BTOR,IMC
IMC_BTOR,driving_phils.1.prop1-func-interl.btor2,19.429223763,406.16796875,4,934,3,3,1091,BTOR,IMC
IMC_BTOR,driving_phils.2.prop1-back-serstep.btor2,72.430188319,1333.54296875,4,974,3,3,1162,BTOR,IMC
IMC_BTOR,driving_phils.2.prop1-func-interl.btor2,12.393887544,559.51953125,4,974,3,3,1162,BTOR,IMC
IMC_BTOR,driving_phils.3.prop1-back-serstep.btor2,89.838211119,1844.4921875,4,1270,3,3,1472,BTOR,IMC
IMC_BTOR,driving_phils.3.prop1-func-interl.btor2,16.964076381,692.421875,4,1270,3,3,1472,BTOR,IMC
IMC_BTOR,driving_phils.4.prop1-back-serstep.btor2,134.590114855,2276.19140625,4,1410,3,3,1645,BTOR,IMC
IMC_BTOR,driving_phils.4.prop1-func-interl.btor2,16.175747628,846.5703125,4,1410,3,3,1645,BTOR,IMC
IMC_BTOR,driving_phils.5.prop1-back-serstep.btor2,246.835372341,1547.53125,4,1214,3,3,1439,BTOR,IMC
IMC_BTOR,driving_phils.5.prop1-func-interl.btor2,15.717189261,720.1015625,4,1214,3,3,1439,BTOR,IMC
IMC_BTOR,peterson.3.prop1-back-serstep.btor2,203.917620454,1157.87109375,4,481,3,3,599,BTOR,IMC
IMC_BTOR,production_cell.1.prop1-back-serstep.btor2,38.062425371,734.65625,4,724,3,3,901,BTOR,IMC
IMC_BTOR,production_cell.1.prop1-func-interl.btor2,9.605401293,356.5,4,724,3,3,901,BTOR,IMC
IMC_BTOR,production_cell.3.prop1-back-serstep.btor2,52.981478465,1004.3203125,4,1039,3,3,1276,BTOR,IMC
IMC_BTOR,production_cell.3.prop1-func-interl.btor2,21.717809144,693.85546875,4,1039,3,3,1276,BTOR,IMC
IMC_BTOR,production_cell.5.prop1-back-serstep.btor2,71.06688409,1517.65625,4,1249,3,3,1526,BTOR,IMC
IMC_BTOR,production_cell.5.prop1-func-interl.btor2,23.406060806,1009.02734375,4,1249,3,3,1526,BTOR,IMC
IMC_BTOR,production_cell.6.prop1-back-serstep.btor2,85.051697238,1659.0703125,4,1459,3,3,1776,BTOR,IMC
IMC_BTOR,production_cell.6.prop1-func-interl.btor2,18.890669393,1102.78125,4,1459,3,3,1776,BTOR,IMC
IMC_BTOR,protocols.1.prop1-back-serstep.btor2,204.546392037,561.3203125,4,324,3,3,420,BTOR,IMC
IMC_BTOR,protocols.1.prop1-func-interl.btor2,141.585626094,529.4609375,4,324,3,3,420,BTOR,IMC
IMC_BTOR,protocols.2.prop1-back-serstep.btor2,462.797831309,678.0,4,367,3,3,474,BTOR,IMC
IMC_BTOR,protocols.2.prop1-func-interl.btor2,415.217036694,639.5546875,4,367,3,3,474,BTOR,IMC
IMC_BTOR,protocols.5.prop1-back-serstep.btor2,339.252336231,1085.97265625,4,459,3,3,581,BTOR,IMC
IMC_BTOR,resistance.2.prop1-back-serstep.btor2,497.703466317,1044.4453125,4,589,3,3,714,BTOR,IMC
IMC_BTOR,resistance.2.prop1-func-interl.btor2,129.134320809,963.8515625,4,589,3,3,714,BTOR,IMC
IMC_BTOR,schedule_world.1.prop1-func-interl.btor2,747.450164026,5696.59765625,4,520,3,3,640,BTOR,IMC
IMC_BTOR,schedule_world.2.prop1-back-serstep.btor2,161.697048717,1383.671875,4,727,3,3,883,BTOR,IMC
IMC_BTOR,schedule_world.2.prop1-func-interl.btor2,43.9546312,750.75390625,4,727,3,3,883,BTOR,IMC
IMC_BTOR,schedule_world.3.prop1-back-serstep.btor2,47.28471995,1621.7421875,4,934,3,3,1126,BTOR,IMC
IMC_BTOR,schedule_world.3.prop1-func-interl.btor2,21.720163851,654.90625,4,934,3,3,1126,BTOR,IMC
IMC_BTOR,count2.btor2,6.168855241,147.125,4,3,3,3,8,BTOR,IMC
IMC_BTOR,count4.btor2,15.093736638,224.86328125,4,3,3,3,8,BTOR,IMC
IMC_BTOR,twocount2.btor2,6.498733664,180.9765625,4,10,3,3,22,BTOR,IMC
IMC_BTOR,twocount32.btor2,14.784284102,259.05859375,4,10,3,3,22,BTOR,IMC
IMC_BTOR,stack-p1.btor2,423.448221775,1793.08984375,4,802,3,3,835,BTOR,IMC
IMC_C,production_cell.1.prop1-func-interl.c,655.784732226,5488.0625,9,1993,5,4,4785,C,IMC
IMC_C,count2.c,25.251948103,304.77734375,9,11,5,4,30,C,IMC
IMC_C,count4.c,141.241525451,794.8984375,9,11,5,4,30,C,IMC
IMC_C,twocount2.c,139.208119924,12784.19921875,9,30,5,4,82,C,IMC
IMC_C,twocount32.c,34.610899916,728.9140625,9,28,5,4,74,C,IMC
KIND_BTOR,adding.1.prop1-back-serstep.btor2,172.179520339,405.421875,8,138,3,3,178,BTOR,KIND
KIND_BTOR,anderson.1.prop1-back-serstep.btor2,56.568944156,432.3671875,8,287,3,3,353,BTOR,KIND
KIND_BTOR,anderson.3.prop1-back-serstep.btor2,806.845606434,1966.0078125,8,450,3,3,545,BTOR,KIND
KIND_BTOR,bakery.2.prop1-back-serstep.btor2,699.05227149,727.9765625,8,367,3,3,449,BTOR,KIND
KIND_BTOR,driving_phils.1.prop1-back-serstep.btor2,41.682862561,1087.1484375,8,934,3,3,1091,BTOR,KIND
KIND_BTOR,driving_phils.1.prop1-func-interl.btor2,12.484312478,473.3046875,8,934,3,3,1091,BTOR,KIND
KIND_BTOR,driving_phils.2.prop1-back-serstep.btor2,792.609150603,1260.3515625,8,974,3,3,1162,BTOR,KIND
KIND_BTOR,driving_phils.2.prop1-func-interl.btor2,19.246154672,381.40234375,8,974,3,3,1162,BTOR,KIND
KIND_BTOR,driving_phils.3.prop1-back-serstep.btor2,107.704375694,1542.80859375,8,1270,3,3,1472,BTOR,KIND
KIND_BTOR,driving_phils.3.prop1-func-interl.btor2,19.059265857,570.22265625,8,1270,3,3,1472,BTOR,KIND
KIND_BTOR,driving_phils.4.prop1-back-serstep.btor2,83.366232061,1876.2734375,8,1410,3,3,1645,BTOR,KIND
KIND_BTOR,driving_phils.4.prop1-func-interl.btor2,21.766582016,545.7109375,8,1410,3,3,1645,BTOR,KIND
KIND_BTOR,driving_phils.5.prop1-back-serstep.btor2,86.898595792,1645.96875,8,1214,3,3,1439,BTOR,KIND
KIND_BTOR,driving_phils.5.prop1-func-interl.btor2,11.571703502,692.828125,8,1214,3,3,1439,BTOR,KIND
KIND_BTOR,krebs.1.prop1-func-interl.btor2,475.974114044,1051.63671875,8,417,3,3,518,BTOR,KIND
KIND_BTOR,peterson.3.prop1-back-serstep.btor2,226.707537864,627.8046875,8,481,3,3,599,BTOR,KIND
KIND_BTOR,production_cell.1.prop1-back-serstep.btor2,17.648133454,662.8828125,8,724,3,3,901,BTOR,KIND
KIND_BTOR,production_cell.1.prop1-func-interl.btor2,9.395022503,344.67578125,8,724,3,3,901,BTOR,KIND
KIND_BTOR,production_cell.3.prop1-back-serstep.btor2,23.765619187,1005.2265625,8,1039,3,3,1276,BTOR,KIND
KIND_BTOR,production_cell.3.prop1-func-interl.btor2,12.424569264,554.453125,8,1039,3,3,1276,BTOR,KIND
KIND_BTOR,production_cell.5.prop1-back-serstep.btor2,28.552588505,1040.015625,8,1249,3,3,1526,BTOR,KIND
KIND_BTOR,production_cell.5.prop1-func-interl.btor2,25.075905635,632.46484375,8,1249,3,3,1526,BTOR,KIND
KIND_BTOR,production_cell.6.prop1-back-serstep.btor2,93.051373716,1438.62890625,8,1459,3,3,1776,BTOR,KIND
KIND_BTOR,production_cell.6.prop1-func-interl.btor2,26.787862782,995.7421875,8,1459,3,3,1776,BTOR,KIND
KIND_BTOR,protocols.1.prop1-back-serstep.btor2,55.678265698,428.2734375,8,324,3,3,420,BTOR,KIND
KIND_BTOR,protocols.1.prop1-func-interl.btor2,119.506399063,415.8046875,8,324,3,3,420,BTOR,KIND
KIND_BTOR,protocols.2.prop1-back-serstep.btor2,343.568853759,424.921875,8,367,3,3,474,BTOR,KIND
KIND_BTOR,protocols.2.prop1-func-interl.btor2,460.570250765,461.7265625,8,367,3,3,474,BTOR,KIND
KIND_BTOR,protocols.3.prop1-back-serstep.btor2,672.27139408,874.3828125,8,459,3,3,581,BTOR,KIND
KIND_BTOR,protocols.3.prop1-func-interl.btor2,798.609666863,873.1953125,8,459,3,3,581,BTOR,KIND
KIND_BTOR,protocols.4.prop1-back-serstep.btor2,844.612807357,876.5078125,8,459,3,3,581,BTOR,KIND
KIND_BTOR,protocols.4.prop1-func-interl.btor2,876.329029327,839.0859375,8,459,3,3,581,BTOR,KIND
KIND_BTOR,protocols.5.prop1-back-serstep.btor2,544.297262891,842.91015625,8,459,3,3,581,BTOR,KIND
KIND_BTOR,protocols.5.prop1-func-interl.btor2,343.922279752,854.8984375,8,459,3,3,581,BTOR,KIND
KIND_BTOR,resistance.2.prop1-back-serstep.btor2,502.822952057,841.5,8,589,3,3,714,BTOR,KIND
KIND_BTOR,resistance.2.prop1-func-interl.btor2,81.322074219,576.9375,8,589,3,3,714,BTOR,KIND
KIND_BTOR,schedule_world.1.prop1-back-serstep.btor2,97.493577082,681.23046875,8,520,3,3,640,BTOR,KIND
KIND_BTOR,schedule_world.1.prop1-func-interl.btor2,390.401570714,677.51953125,8,520,3,3,640,BTOR,KIND
KIND_BTOR,schedule_world.2.prop1-back-serstep.btor2,124.929278015,940.4453125,8,727,3,3,883,BTOR,KIND
KIND_BTOR,schedule_world.2.prop1-func-interl.btor2,24.842388909,673.828125,8,727,3,3,883,BTOR,KIND
KIND_BTOR,schedule_world.3.prop1-back-serstep.btor2,116.423927628,1273.3046875,8,934,3,3,1126,BTOR,KIND
KIND_BTOR,schedule_world.3.prop1-func-interl.btor2,25.054488005,753.296875,8,934,3,3,1126,BTOR,KIND
KIND_BTOR,count2.btor2,4.626868505,140.2265625,8,3,3,3,8,BTOR,KIND
KIND_BTOR,count4.btor2,5.503736669,142.9296875,8,3,3,3,8,BTOR,KIND
KIND_BTOR,factorial4even.btor2,12.368947262,206.89453125,8,8,4,5,17,BTOR,KIND
KIND_BTOR,recount4.btor2,23.712100987,175.23046875,8,7,3,3,16,BTOR,KIND
KIND_BTOR,twocount2.btor2,8.247549326,151.05859375,8,10,3,3,22,BTOR,KIND
KIND_BTOR,twocount32.btor2,5.212500513,184.7265625,8,10,3,3,22,BTOR,KIND
KIND_BTOR,stack-p1.btor2,147.152551463,1650.87109375,8,802,3,3,835,BTOR,KIND
KIND_C,driving_phils.2.prop1-func-interl.c,792.417413615,6299.95703125,13,2551,5,4,6027,C,KIND
KIND_C,production_cell.1.prop1-func-interl.c,721.797791546,5853.0625,13,1993,5,4,4785,C,KIND
KIND_C,count2.c,7.083774951,223.2421875,13,11,5,4,30,C,KIND
KIND_C,count4.c,11.389801747,241.2421875,13,11,5,4,30,C,KIND
KIND_C,factorial4even.c,28.061268488,390.8359375,13,25,5,5,70,C,KIND
KIND_C,recount4.c,185.131280116,477.19921875,13,20,5,4,60,C,KIND
KIND_C,twocount2.c,19.344716842,313.46875,13,30,5,4,82,C,KIND
KIND_C,twocount32.c,23.556829177,376.54296875,13,28,5,4,74,C,KIND
CEGAR_PRED_BTOR,anderson.1.prop1-back-serstep.btor2,22.185776647,388.82421875,6,287,3,3,353,BTOR,CEGAR
CEGAR_PRED_BTOR,anderson.3.prop1-back-serstep.btor2,82.704183111,1859.59765625,6,450,3,3,545,BTOR,CEGAR
CEGAR_PRED_BTOR,anderson.5.prop1-back-serstep.btor2,450.844758109,6630.25,6,824,3,3,977,BTOR,CEGAR
CEGAR_PRED_BTOR,anderson.7.prop1-back-serstep.btor2,750.928448566,5153.34765625,6,1035,3,3,1217,BTOR,CEGAR
CEGAR_PRED_BTOR,bakery.2.prop1-back-serstep.btor2,59.822424932,1420.77734375,6,367,3,3,449,BTOR,CEGAR
CEGAR_PRED_BTOR,cyclic_scheduler.2.prop1-back-serstep.btor2,103.253258838,1129.99609375,6,703,3,3,882,BTOR,CEGAR
CEGAR_PRED_BTOR,cyclic_scheduler.2.prop1-func-interl.btor2,209.577516149,1196.859375,6,703,3,3,882,BTOR,CEGAR
CEGAR_PRED_BTOR,cyclic_scheduler.4.prop1-back-serstep.btor2,777.446918516,3113.13671875,6,1263,3,3,1582,BTOR,CEGAR
CEGAR_PRED_BTOR,driving_phils.1.prop1-back-serstep.btor2,31.485670185,586.80078125,6,934,3,3,1091,BTOR,CEGAR
CEGAR_PRED_BTOR,driving_phils.1.prop1-func-interl.btor2,14.052013567,247.03515625,6,934,3,3,1091,BTOR,CEGAR
CEGAR_PRED_BTOR,driving_phils.2.prop1-back-serstep.btor2,32.795056696,546.0,6,974,3,3,1162,BTOR,CEGAR
CEGAR_PRED_BTOR,driving_phils.2.prop1-func-interl.btor2,13.104801764,279.95703125,6,974,3,3,1162,BTOR,CEGAR
CEGAR_PRED_BTOR,driving_phils.3.prop1-back-serstep.btor2,53.062414435,731.03125,6,1270,3,3,1472,BTOR,CEGAR
CEGAR_PRED_BTOR,driving_phils.3.prop1-func-interl.btor2,15.818726766,326.7265625,6,1270,3,3,1472,BTOR,CEGAR
CEGAR_PRED_BTOR,driving_phils.4.prop1-back-serstep.btor2,50.002238137,793.4609375,6,1410,3,3,1645,BTOR,CEGAR
CEGAR_PRED_BTOR,driving_phils.4.prop1-func-interl.btor2,15.021744966,388.5234375,6,1410,3,3,1645,BTOR,CEGAR
CEGAR_PRED_BTOR,driving_phils.5.prop1-back-serstep.btor2,42.810847045,801.8671875,6,1214,3,3,1439,BTOR,CEGAR
CEGAR_PRED_BTOR,driving_phils.5.prop1-func-interl.btor2,19.399501473,272.40234375,6,1214,3,3,1439,BTOR,CEGAR
CEGAR_PRED_BTOR,elevator_planning.3.prop1-back-serstep.btor2,294.638938996,2336.79296875,6,475,3,3,590,BTOR,CEGAR
CEGAR_PRED_BTOR,iprotocol.1.prop1-back-serstep.btor2,70.822890994,2029.31640625,6,803,3,3,982,BTOR,CEGAR
CEGAR_PRED_BTOR,iprotocol.1.prop1-func-interl.btor2,102.40358204,2704.5703125,6,803,3,3,982,BTOR,CEGAR
CEGAR_PRED_BTOR,iprotocol.2.prop1-back-serstep.btor2,34.976884655,748.5859375,6,839,3,3,1026,BTOR,CEGAR
CEGAR_PRED_BTOR,iprotocol.2.prop1-func-interl.btor2,36.263227589,942.5234375,6,839,3,3,1026,BTOR,CEGAR
CEGAR_PRED_BTOR,iprotocol.3.prop1-back-serstep.btor2,120.138886769,2309.21484375,6,911,3,3,1114,BTOR,CEGAR
CEGAR_PRED_BTOR,iprotocol.3.prop1-func-interl.btor2,82.047832386,2259.91015625,6,911,3,3,1114,BTOR,CEGAR
CEGAR_PRED_BTOR,iprotocol.4.prop1-back-serstep.btor2,66.325077441,923.796875,6,983,3,3,1202,BTOR,CEGAR
CEGAR_PRED_BTOR,iprotocol.4.prop1-func-interl.btor2,42.493068166,1031.078125,6,983,3,3,1202,BTOR,CEGAR
CEGAR_PRED_BTOR,iprotocol.5.prop1-back-serstep.btor2,139.20723774,2133.00390625,6,1055,3,3,1290,BTOR,CEGAR
CEGAR_PRED_BTOR,iprotocol.5.prop1-func-interl.btor2,147.842396173,2341.78515625,6,1055,3,3,1290,BTOR,CEGAR
CEGAR_PRED_BTOR,iprotocol.6.prop1-back-serstep.btor2,148.826864374,2451.75,6,1055,3,3,1290,BTOR,CEGAR
CEGAR_PRED_BTOR,iprotocol.6.prop1-func-interl.btor2,94.93217292,2351.6796875,6,1055,3,3,1290,BTOR,CEGAR
CEGAR_PRED_BTOR,iprotocol.7.prop1-back-serstep.btor2,124.112686086,2484.73046875,6,1127,3,3,1378,BTOR,CEGAR
CEGAR_PRED_BTOR,iprotocol.7.prop1-func-interl.btor2,154.437154817,2308.59765625,6,1127,3,3,1378,BTOR,CEGAR
CEGAR_PRED_BTOR,lamport.3.prop1-back-serstep.btor2,373.112219863,10862.85546875,6,720,3,3,888,BTOR,CEGAR
CEGAR_PRED_BTOR,lamport_nonatomic.3.prop1-back-serstep.btor2,505.945618184,2833.515625,6,1875,3,3,2200,BTOR,CEGAR
CEGAR_PRED_BTOR,leader_filters.2.prop1-back-serstep.btor2,52.049060706,622.5625,6,831,3,3,1027,BTOR,CEGAR
CEGAR_PRED_BTOR,leader_filters.6.prop1-back-serstep.btor2,102.334148085,1383.87109375,6,1401,3,3,1697,BTOR,CEGAR
CEGAR_PRED_BTOR,msmie.2.prop1-back-serstep.btor2,219.206195577,3475.6328125,6,2591,3,3,3076,BTOR,CEGAR
CEGAR_PRED_BTOR,needham.1.prop1-back-serstep.btor2,204.00609727,3541.39453125,6,804,3,3,970,BTOR,CEGAR
CEGAR_PRED_BTOR,needham.1.prop1-func-interl.btor2,310.902998306,3672.31640625,6,804,3,3,970,BTOR,CEGAR
CEGAR_PRED_BTOR,needham.1.prop2-back-serstep.btor2,203.168579499,2406.87109375,6,804,3,3,970,BTOR,CEGAR
CEGAR_PRED_BTOR,needham.1.prop2-func-interl.btor2,246.939737885,3253.21484375,6,804,3,3,970,BTOR,CEGAR
CEGAR_PRED_BTOR,needham.1.prop3-back-serstep.btor2,124.033626593,2460.1953125,6,804,3,3,970,BTOR,CEGAR
CEGAR_PRED_BTOR,needham.1.prop3-func-interl.btor2,226.872093177,3044.5625,6,804,3,3,970,BTOR,CEGAR
CEGAR_PRED_BTOR,needham.1.prop4-back-serstep.btor2,424.48617659,3717.40625,6,804,3,3,970,BTOR,CEGAR
CEGAR_PRED_BTOR,needham.1.prop4-func-interl.btor2,348.558121532,3736.6953125,6,804,3,3,970,BTOR,CEGAR
CEGAR_PRED_BTOR,needham.2.prop1-back-serstep.btor2,653.663535061,6275.8984375,6,1382,3,3,1650,BTOR,CEGAR
CEGAR_PRED_BTOR,needham.2.prop4-back-serstep.btor2,879.771947705,6565.72265625,6,1382,3,3,1650,BTOR,CEGAR
CEGAR_PRED_BTOR,peterson.2.prop1-back-serstep.btor2,240.719716709,7210.69140625,6,481,3,3,599,BTOR,CEGAR
CEGAR_PRED_BTOR,peterson.3.prop1-back-serstep.btor2,36.130334359,539.3046875,6,481,3,3,599,BTOR,CEGAR
CEGAR_PRED_BTOR,peterson.6.prop1-back-serstep.btor2,104.931847244,793.52734375,6,664,3,3,820,BTOR,CEGAR
CEGAR_PRED_BTOR,production_cell.1.prop1-back-serstep.btor2,19.606181,316.34765625,6,724,3,3,901,BTOR,CEGAR
CEGAR_PRED_BTOR,production_cell.1.prop1-func-interl.btor2,7.939828816,218.203125,6,724,3,3,901,BTOR,CEGAR
CEGAR_PRED_BTOR,production_cell.3.prop1-back-serstep.btor2,14.468919374,444.41015625,6,1039,3,3,1276,BTOR,CEGAR
CEGAR_PRED_BTOR,production_cell.3.prop1-func-interl.btor2,15.785118794,299.62890625,6,1039,3,3,1276,BTOR,CEGAR
CEGAR_PRED_BTOR,production_cell.5.prop1-back-serstep.btor2,25.941312979,677.375,6,1249,3,3,1526,BTOR,CEGAR
CEGAR_PRED_BTOR,production_cell.5.prop1-func-interl.btor2,16.580218535,374.71484375,6,1249,3,3,1526,BTOR,CEGAR
CEGAR_PRED_BTOR,production_cell.6.prop1-back-serstep.btor2,20.22828849,754.171875,6,1459,3,3,1776,BTOR,CEGAR
CEGAR_PRED_BTOR,production_cell.6.prop1-func-interl.btor2,10.829785733,458.9140625,6,1459,3,3,1776,BTOR,CEGAR
CEGAR_PRED_BTOR,protocols.1.prop1-back-serstep.btor2,16.473254782,349.609375,6,324,3,3,420,BTOR,CEGAR
CEGAR_PRED_BTOR,protocols.1.prop1-func-interl.btor2,12.36857822,368.20703125,6,324,3,3,420,BTOR,CEGAR
CEGAR_PRED_BTOR,protocols.2.prop1-back-serstep.btor2,17.506307738,352.00390625,6,367,3,3,474,BTOR,CEGAR
CEGAR_PRED_BTOR,protocols.2.prop1-func-interl.btor2,30.065597064,435.8515625,6,367,3,3,474,BTOR,CEGAR
CEGAR_PRED_BTOR,protocols.3.prop1-back-serstep.btor2,31.152009255,717.29296875,6,459,3,3,581,BTOR,CEGAR
CEGAR_PRED_BTOR,protocols.3.prop1-func-interl.btor2,39.797836336,771.26953125,6,459,3,3,581,BTOR,CEGAR
CEGAR_PRED_BTOR,protocols.4.prop1-back-serstep.btor2,21.889370308,688.94921875,6,459,3,3,581,BTOR,CEGAR
CEGAR_PRED_BTOR,protocols.4.prop1-func-interl.btor2,31.056907302,789.76953125,6,459,3,3,581,BTOR,CEGAR
CEGAR_PRED_BTOR,protocols.5.prop1-back-serstep.btor2,36.271042861,698.2578125,6,459,3,3,581,BTOR,CEGAR
CEGAR_PRED_BTOR,protocols.5.prop1-func-interl.btor2,48.248015918,842.65234375,6,459,3,3,581,BTOR,CEGAR
CEGAR_PRED_BTOR,reader_writer.1.prop1-back-serstep.btor2,47.417570654,882.203125,6,951,3,3,1129,BTOR,CEGAR
CEGAR_PRED_BTOR,reader_writer.3.prop1-back-serstep.btor2,35.254694483,1594.84375,6,1673,3,3,1973,BTOR,CEGAR
CEGAR_PRED_BTOR,resistance.2.prop1-back-serstep.btor2,34.981188147,503.203125,6,589,3,3,714,BTOR,CEGAR
CEGAR_PRED_BTOR,resistance.2.prop1-func-interl.btor2,16.531915145,456.890625,6,589,3,3,714,BTOR,CEGAR
CEGAR_PRED_BTOR,schedule_world.1.prop1-back-serstep.btor2,41.546463588,514.2578125,6,520,3,3,640,BTOR,CEGAR
CEGAR_PRED_BTOR,schedule_world.2.prop1-back-serstep.btor2,35.898465701,591.8125,6,727,3,3,883,BTOR,CEGAR
CEGAR_PRED_BTOR,schedule_world.2.prop1-func-interl.btor2,21.041920644,360.4609375,6,727,3,3,883,BTOR,CEGAR
CEGAR_PRED_BTOR,schedule_world.3.prop1-back-serstep.btor2,36.226931309,578.625,6,934,3,3,1126,BTOR,CEGAR
CEGAR_PRED_BTOR,schedule_world.3.prop1-func-interl.btor2,13.379790494,369.9921875,6,934,3,3,1126,BTOR,CEGAR
CEGAR_PRED_BTOR,count2.btor2,5.862923145,155.79296875,6,3,3,3,8,BTOR,CEGAR
CEGAR_PRED_BTOR,count4.btor2,5.787785464,208.9609375,6,3,3,3,8,BTOR,CEGAR
CEGAR_PRED_BTOR,factorial4even.btor2,12.809431217,216.83984375,6,8,4,5,17,BTOR,CEGAR
CEGAR_PRED_BTOR,recount4.btor2,41.318075532,959.23828125,6,7,3,3,16,BTOR,CEGAR
CEGAR_PRED_BTOR,twocount2.btor2,11.906213884,760.0625,6,10,3,3,22,BTOR,CEGAR
CEGAR_PRED_BTOR,twocount32.btor2,275.702780679,8766.2734375,6,10,3,3,22,BTOR,CEGAR
CEGAR_PRED_BTOR,stack-p1.btor2,42.771794914,1043.48046875,6,802,3,3,835,BTOR,CEGAR
CEGAR_PRED_C,production_cell.1.prop1-func-interl.c,656.885781018,5557.984375,5,1993,5,4,4785,C,CEGAR
CEGAR_PRED_C,count2.c,9.520250213,220.30078125,5,11,5,4,30,C,CEGAR
CEGAR_PRED_C,count4.c,15.299890533,248.8671875,5,11,5,4,30,C,CEGAR
CEGAR_PRED_C,factorial4even.c,36.975056839,340.375,5,25,5,5,70,C,CEGAR
CEGAR_PRED_C,twocount2.c,73.651889061,1770.578125,5,30,5,4,82,C,CEGAR
CEGAR_EXPL_BTOR,driving_phils.1.prop1-back-serstep.btor2,26.336630676,563.30859375,5,934,3,3,1091,BTOR,CEGAR
CEGAR_EXPL_BTOR,driving_phils.1.prop1-func-interl.btor2,13.300885969,252.0625,5,934,3,3,1091,BTOR,CEGAR
CEGAR_EXPL_BTOR,driving_phils.2.prop1-back-serstep.btor2,28.017424798,583.859375,5,974,3,3,1162,BTOR,CEGAR
CEGAR_EXPL_BTOR,driving_phils.2.prop1-func-interl.btor2,10.111015085,274.46484375,5,974,3,3,1162,BTOR,CEGAR
CEGAR_EXPL_BTOR,driving_phils.3.prop1-back-serstep.btor2,38.236345631,857.53515625,5,1270,3,3,1472,BTOR,CEGAR
CEGAR_EXPL_BTOR,driving_phils.3.prop1-func-interl.btor2,10.45727795,307.11328125,5,1270,3,3,1472,BTOR,CEGAR
CEGAR_EXPL_BTOR,driving_phils.4.prop1-back-serstep.btor2,58.871624277,1004.19921875,5,1410,3,3,1645,BTOR,CEGAR
CEGAR_EXPL_BTOR,driving_phils.4.prop1-func-interl.btor2,9.752866736,346.80859375,5,1410,3,3,1645,BTOR,CEGAR
CEGAR_EXPL_BTOR,driving_phils.5.prop1-back-serstep.btor2,47.951540128,952.8359375,5,1214,3,3,1439,BTOR,CEGAR
CEGAR_EXPL_BTOR,driving_phils.5.prop1-func-interl.btor2,11.589117406,297.24609375,5,1214,3,3,1439,BTOR,CEGAR
CEGAR_EXPL_BTOR,production_cell.1.prop1-back-serstep.btor2,14.473031139,376.5546875,5,724,3,3,901,BTOR,CEGAR
CEGAR_EXPL_BTOR,production_cell.1.prop1-func-interl.btor2,8.100334167,218.06640625,5,724,3,3,901,BTOR,CEGAR
CEGAR_EXPL_BTOR,production_cell.3.prop1-back-serstep.btor2,14.042366974,564.58203125,5,1039,3,3,1276,BTOR,CEGAR
CEGAR_EXPL_BTOR,production_cell.3.prop1-func-interl.btor2,18.610428085,319.078125,5,1039,3,3,1276,BTOR,CEGAR
CEGAR_EXPL_BTOR,production_cell.5.prop1-back-serstep.btor2,19.571465847,587.67578125,5,1249,3,3,1526,BTOR,CEGAR
CEGAR_EXPL_BTOR,production_cell.5.prop1-func-interl.btor2,11.257587824,405.40234375,5,1249,3,3,1526,BTOR,CEGAR
CEGAR_EXPL_BTOR,production_cell.6.prop1-back-serstep.btor2,20.752992825,701.984375,5,1459,3,3,1776,BTOR,CEGAR
CEGAR_EXPL_BTOR,production_cell.6.prop1-func-interl.btor2,19.0236419,451.43359375,5,1459,3,3,1776,BTOR,CEGAR
CEGAR_EXPL_BTOR,schedule_world.3.prop1-back-serstep.btor2,33.020924733,589.8828125,5,934,3,3,1126,BTOR,CEGAR
CEGAR_EXPL_BTOR,schedule_world.3.prop1-func-interl.btor2,23.825712214,416.21875,5,934,3,3,1126,BTOR,CEGAR
CEGAR_EXPL_BTOR,count2.btor2,4.993368883,140.62109375,5,3,3,3,8,BTOR,CEGAR
CEGAR_EXPL_BTOR,count4.btor2,7.372873753,142.8984375,5,3,3,3,8,BTOR,CEGAR
CEGAR_EXPL_BTOR,stack-p1.btor2,33.723539436,1333.125,5,802,3,3,835,BTOR,CEGAR
CEGAR_EXPL_C,driving_phils.2.prop1-func-interl.c,745.989822937,5296.7890625,3,2551,5,4,6027,C,CEGAR
CEGAR_EXPL_C,production_cell.1.prop1-func-interl.c,829.663956361,5275.4765625,3,1993,5,4,4785,C,CEGAR
CEGAR_EXPL_C,count2.c,10.069327791,207.39453125,3,11,5,4,30,C,CEGAR
CEGAR_EXPL_C,count4.c,10.424696903,218.015625,3,11,5,4,30,C,CEGAR
CEGAR_EXPL_C,factorial4even.c,11.52846404,341.08984375,3,25,5,5,70,C,CEGAR
