Filename,Input Type,Algorithm,CPU Time,Memory
anderson.1.prop1-back-serstep.yml,BTOR2,CEGAR_PRED,22.185776647s,407711744B
anderson.3.prop1-back-serstep.yml,BTOR2,CEGAR_PRED,82.704183111s,1949929472B
anderson.5.prop1-back-serstep.yml,BTOR2,CEGAR_PRED,450.844758109s,6952321024B
anderson.7.prop1-back-serstep.yml,BTOR2,CEGAR_PRED,750.928448566s,5403676672B
bakery.2.prop1-back-serstep.yml,BTOR2,CEGAR_PRED,59.822424932s,1489793024B
cyclic_scheduler.2.prop1-back-serstep.yml,BTOR2,CEGAR_PRED,103.253258838s,1184886784B
cyclic_scheduler.2.prop1-func-interl.yml,BTOR2,CEGAR_PRED,209.577516149s,1254998016B
cyclic_scheduler.4.prop1-back-serstep.yml,BTOR2,CEGAR_PRED,777.446918516s,3264360448B
driving_phils.1.prop1-back-serstep.yml,BTOR2,CEGAR_PRED,31.485670185s,615305216B
driving_phils.1.prop1-func-interl.yml,BTOR2,CEGAR_PRED,14.052013567s,259035136B
driving_phils.2.prop1-back-serstep.yml,BTOR2,CEGAR_PRED,32.795056696s,572522496B
driving_phils.2.prop1-func-interl.yml,BTOR2,CEGAR_PRED,13.104801764s,293556224B
driving_phils.3.prop1-back-serstep.yml,BTOR2,CEGAR_PRED,53.062414435s,766541824B
driving_phils.3.prop1-func-interl.yml,BTOR2,CEGAR_PRED,15.818726766s,342597632B
driving_phils.4.prop1-back-serstep.yml,BTOR2,CEGAR_PRED,50.002238137s,832004096B
driving_phils.4.prop1-func-interl.yml,BTOR2,CEGAR_PRED,15.021744966s,407396352B
driving_phils.5.prop1-back-serstep.yml,BTOR2,CEGAR_PRED,42.810847045s,840818688B
driving_phils.5.prop1-func-interl.yml,BTOR2,CEGAR_PRED,19.399501473s,285634560B
elevator.1.prop1-back-serstep.yml,BTOR2,CEGAR_PRED,545.290388218s,1928998912B
elevator.1.prop1-func-interl.yml,BTOR2,CEGAR_PRED,51.92291965s,791109632B
elevator.2.prop1-back-serstep.yml,BTOR2,CEGAR_PRED,418.813386601s,2553430016B
elevator.2.prop1-func-interl.yml,BTOR2,CEGAR_PRED,30.788739328s,771031040B
elevator_planning.3.prop1-back-serstep.yml,BTOR2,CEGAR_PRED,294.638938996s,2450305024B
iprotocol.1.prop1-back-serstep.yml,BTOR2,CEGAR_PRED,70.822890994s,2127892480B
iprotocol.1.prop1-func-interl.yml,BTOR2,CEGAR_PRED,102.40358204s,2835947520B
iprotocol.2.prop1-back-serstep.yml,BTOR2,CEGAR_PRED,34.976884655s,784949248B
iprotocol.2.prop1-func-interl.yml,BTOR2,CEGAR_PRED,36.263227589s,988307456B
iprotocol.3.prop1-back-serstep.yml,BTOR2,CEGAR_PRED,120.138886769s,2421387264B
iprotocol.3.prop1-func-interl.yml,BTOR2,CEGAR_PRED,82.047832386s,2369687552B
iprotocol.4.prop1-back-serstep.yml,BTOR2,CEGAR_PRED,66.325077441s,968671232B
iprotocol.4.prop1-func-interl.yml,BTOR2,CEGAR_PRED,42.493068166s,1081163776B
iprotocol.5.prop1-back-serstep.yml,BTOR2,CEGAR_PRED,139.20723774s,2236616704B
iprotocol.5.prop1-func-interl.yml,BTOR2,CEGAR_PRED,147.842396173s,2455539712B
iprotocol.6.prop1-back-serstep.yml,BTOR2,CEGAR_PRED,148.826864374s,2570846208B
iprotocol.6.prop1-func-interl.yml,BTOR2,CEGAR_PRED,94.93217292s,2465914880B
iprotocol.7.prop1-back-serstep.yml,BTOR2,CEGAR_PRED,124.112686086s,2605428736B
iprotocol.7.prop1-func-interl.yml,BTOR2,CEGAR_PRED,154.437154817s,2420740096B
lamport.3.prop1-back-serstep.yml,BTOR2,CEGAR_PRED,373.112219863s,11390529536B
lamport_nonatomic.3.prop1-back-serstep.yml,BTOR2,CEGAR_PRED,505.945618184s,2971156480B
leader_filters.2.prop1-back-serstep.yml,BTOR2,CEGAR_PRED,52.049060706s,652804096B
leader_filters.6.prop1-back-serstep.yml,BTOR2,CEGAR_PRED,102.334148085s,1451094016B
lup.1.prop1-back-serstep.yml,BTOR2,CEGAR_PRED,19.370367035s,553218048B
lup.1.prop1-func-interl.yml,BTOR2,CEGAR_PRED,57.652808638s,713269248B
lup.2.prop1-back-serstep.yml,BTOR2,CEGAR_PRED,84.065252066s,1528750080B
lup.2.prop1-func-interl.yml,BTOR2,CEGAR_PRED,116.729493722s,1537748992B
lup.3.prop1-back-serstep.yml,BTOR2,CEGAR_PRED,77.61347662s,1642110976B
lup.4.prop1-back-serstep.yml,BTOR2,CEGAR_PRED,274.814482763s,2367610880B
msmie.2.prop1-back-serstep.yml,BTOR2,CEGAR_PRED,219.206195577s,3644465152B
needham.1.prop1-back-serstep.yml,BTOR2,CEGAR_PRED,204.00609727s,3713421312B
needham.1.prop1-func-interl.yml,BTOR2,CEGAR_PRED,310.902998306s,3850702848B
needham.1.prop2-back-serstep.yml,BTOR2,CEGAR_PRED,203.168579499s,2523787264B
needham.1.prop2-func-interl.yml,BTOR2,CEGAR_PRED,246.939737885s,3411243008B
needham.1.prop3-back-serstep.yml,BTOR2,CEGAR_PRED,124.033626593s,2579701760B
needham.1.prop3-func-interl.yml,BTOR2,CEGAR_PRED,226.872093177s,3192455168B
needham.1.prop4-back-serstep.yml,BTOR2,CEGAR_PRED,424.48617659s,3897982976B
needham.1.prop4-func-interl.yml,BTOR2,CEGAR_PRED,348.558121532s,3918209024B
needham.2.prop1-back-serstep.yml,BTOR2,CEGAR_PRED,653.663535061s,6580756480B
needham.2.prop4-back-serstep.yml,BTOR2,CEGAR_PRED,879.771947705s,6884659200B
peterson.2.prop1-back-serstep.yml,BTOR2,CEGAR_PRED,240.719716709s,7560957952B
peterson.3.prop1-back-serstep.yml,BTOR2,CEGAR_PRED,36.130334359s,565501952B
peterson.6.prop1-back-serstep.yml,BTOR2,CEGAR_PRED,104.931847244s,832073728B
pgm_protocol.1.prop1-back-serstep.yml,BTOR2,CEGAR_PRED,223.919977384s,4130533376B
pgm_protocol.2.prop1-back-serstep.yml,BTOR2,CEGAR_PRED,251.553647047s,3871641600B
pgm_protocol.3.prop1-back-serstep.yml,BTOR2,CEGAR_PRED,353.871820952s,3836653568B
pgm_protocol.4.prop1-back-serstep.yml,BTOR2,CEGAR_PRED,338.717723192s,3924422656B
pgm_protocol.5.prop1-back-serstep.yml,BTOR2,CEGAR_PRED,189.870498869s,3604738048B
pgm_protocol.6.prop1-back-serstep.yml,BTOR2,CEGAR_PRED,219.61296744s,3900567552B
pgm_protocol.7.prop1-back-serstep.yml,BTOR2,CEGAR_PRED,321.769546822s,3669127168B
pgm_protocol.8.prop1-back-serstep.yml,BTOR2,CEGAR_PRED,423.979644269s,3853115392B
production_cell.1.prop1-back-serstep.yml,BTOR2,CEGAR_PRED,19.606181s,331714560B
production_cell.1.prop1-func-interl.yml,BTOR2,CEGAR_PRED,7.939828816s,228802560B
production_cell.3.prop1-back-serstep.yml,BTOR2,CEGAR_PRED,14.468919374s,465997824B
production_cell.3.prop1-func-interl.yml,BTOR2,CEGAR_PRED,15.785118794s,314183680B
production_cell.5.prop1-back-serstep.yml,BTOR2,CEGAR_PRED,25.941312979s,710279168B
production_cell.5.prop1-func-interl.yml,BTOR2,CEGAR_PRED,16.580218535s,392916992B
production_cell.6.prop1-back-serstep.yml,BTOR2,CEGAR_PRED,20.22828849s,790806528B
production_cell.6.prop1-func-interl.yml,BTOR2,CEGAR_PRED,10.829785733s,481206272B
protocols.1.prop1-back-serstep.yml,BTOR2,CEGAR_PRED,16.473254782s,366592000B
protocols.1.prop1-func-interl.yml,BTOR2,CEGAR_PRED,12.36857822s,386093056B
protocols.2.prop1-back-serstep.yml,BTOR2,CEGAR_PRED,17.506307738s,369102848B
protocols.2.prop1-func-interl.yml,BTOR2,CEGAR_PRED,30.065597064s,457023488B
protocols.3.prop1-back-serstep.yml,BTOR2,CEGAR_PRED,31.152009255s,752136192B
protocols.3.prop1-func-interl.yml,BTOR2,CEGAR_PRED,39.797836336s,808734720B
protocols.4.prop1-back-serstep.yml,BTOR2,CEGAR_PRED,21.889370308s,722415616B
protocols.4.prop1-func-interl.yml,BTOR2,CEGAR_PRED,31.056907302s,828133376B
protocols.5.prop1-back-serstep.yml,BTOR2,CEGAR_PRED,36.271042861s,732176384B
protocols.5.prop1-func-interl.yml,BTOR2,CEGAR_PRED,48.248015918s,883585024B
reader_writer.1.prop1-back-serstep.yml,BTOR2,CEGAR_PRED,47.417570654s,925057024B
reader_writer.3.prop1-back-serstep.yml,BTOR2,CEGAR_PRED,35.254694483s,1672314880B
resistance.1.prop1-back-serstep.yml,BTOR2,CEGAR_PRED,11.449887436s,283529216B
resistance.1.prop1-func-interl.yml,BTOR2,CEGAR_PRED,15.45938994s,317272064B
resistance.1.prop2-back-serstep.yml,BTOR2,CEGAR_PRED,11.659793094s,381976576B
resistance.1.prop2-func-interl.yml,BTOR2,CEGAR_PRED,101.064726897s,615596032B
resistance.1.prop3-back-serstep.yml,BTOR2,CEGAR_PRED,19.146771686s,385212416B
resistance.1.prop3-func-interl.yml,BTOR2,CEGAR_PRED,215.179613944s,919101440B
resistance.2.prop1-back-serstep.yml,BTOR2,CEGAR_PRED,34.981188147s,527646720B
resistance.2.prop1-func-interl.yml,BTOR2,CEGAR_PRED,16.531915145s,479084544B
resistance.2.prop2-back-serstep.yml,BTOR2,CEGAR_PRED,17.164765907s,426848256B
resistance.2.prop2-func-interl.yml,BTOR2,CEGAR_PRED,163.675530515s,992370688B
resistance.2.prop3-back-serstep.yml,BTOR2,CEGAR_PRED,27.905188364s,364027904B
resistance.2.prop3-func-interl.yml,BTOR2,CEGAR_PRED,186.398848109s,805474304B
schedule_world.1.prop1-back-serstep.yml,BTOR2,CEGAR_PRED,41.546463588s,539238400B
schedule_world.2.prop1-back-serstep.yml,BTOR2,CEGAR_PRED,35.898465701s,620560384B
schedule_world.2.prop1-func-interl.yml,BTOR2,CEGAR_PRED,21.041920644s,377970688B
schedule_world.3.prop1-back-serstep.yml,BTOR2,CEGAR_PRED,36.226931309s,606732288B
schedule_world.3.prop1-func-interl.yml,BTOR2,CEGAR_PRED,13.379790494s,387964928B
count2.yml,BTOR2,CEGAR_PRED,5.862923145s,163360768B
count4.yml,BTOR2,CEGAR_PRED,5.787785464s,219111424B
factorial4even.yml,BTOR2,CEGAR_PRED,12.809431217s,227373056B
recount4.yml,BTOR2,CEGAR_PRED,41.318075532s,1005834240B
twocount2.yml,BTOR2,CEGAR_PRED,11.906213884s,796983296B
twocount32.yml,BTOR2,CEGAR_PRED,275.702780679s,9192103936B
Huffman_dec.yml,BTOR2,CEGAR_PRED,9.479798034s,200523776B
Huffman_enc.yml,BTOR2,CEGAR_PRED,6.762080007s,147025920B
stack-p1.yml,BTOR2,CEGAR_PRED,42.771794914s,1094168576B
stack-p2.yml,BTOR2,CEGAR_PRED,80.208946432s,1449955328B
elevator.1.prop1-back-serstep.yml,C,CEGAR_PRED,311.261060926s,3136266240B
elevator.1.prop1-func-interl.yml,C,CEGAR_PRED,734.664168023s,3606360064B
elevator.2.prop1-func-interl.yml,C,CEGAR_PRED,102.553631866s,2987479040B
lup.1.prop1-back-serstep.yml,C,CEGAR_PRED,109.179900156s,3496550400B
lup.1.prop1-func-interl.yml,C,CEGAR_PRED,57.999443988s,2219270144B
lup.2.prop1-back-serstep.yml,C,CEGAR_PRED,252.17679301s,5139095552B
lup.2.prop1-func-interl.yml,C,CEGAR_PRED,129.777300014s,3678715904B
lup.3.prop1-back-serstep.yml,C,CEGAR_PRED,395.204034814s,4452524032B
lup.3.prop1-func-interl.yml,C,CEGAR_PRED,108.543267196s,5140492288B
lup.4.prop1-back-serstep.yml,C,CEGAR_PRED,813.723516041s,6775099392B
lup.4.prop1-func-interl.yml,C,CEGAR_PRED,117.797006579s,4175437824B
pgm_protocol.2.prop1-back-serstep.yml,C,CEGAR_PRED,544.94808895s,9471795200B
pgm_protocol.3.prop1-back-serstep.yml,C,CEGAR_PRED,475.793011367s,11503972352B
pgm_protocol.4.prop1-back-serstep.yml,C,CEGAR_PRED,890.925250493s,8935845888B
pgm_protocol.5.prop1-back-serstep.yml,C,CEGAR_PRED,494.284807644s,11931713536B
pgm_protocol.6.prop1-back-serstep.yml,C,CEGAR_PRED,662.563044505s,9821511680B
pgm_protocol.7.prop1-back-serstep.yml,C,CEGAR_PRED,486.00456182s,11333849088B
pgm_protocol.8.prop1-back-serstep.yml,C,CEGAR_PRED,565.778270935s,12666662912B
production_cell.1.prop1-func-interl.yml,C,CEGAR_PRED,656.885781018s,5827969024B
resistance.1.prop1-back-serstep.yml,C,CEGAR_PRED,34.807487439s,1949843456B
resistance.1.prop1-func-interl.yml,C,CEGAR_PRED,21.68679692s,1267650560B
resistance.1.prop2-back-serstep.yml,C,CEGAR_PRED,70.787331443s,1829793792B
resistance.1.prop2-func-interl.yml,C,CEGAR_PRED,189.814843334s,3113336832B
resistance.1.prop3-back-serstep.yml,C,CEGAR_PRED,49.630470323s,2063376384B
resistance.1.prop3-func-interl.yml,C,CEGAR_PRED,160.208410794s,2489057280B
resistance.2.prop2-back-serstep.yml,C,CEGAR_PRED,79.768471347s,2335121408B
resistance.2.prop2-func-interl.yml,C,CEGAR_PRED,401.59883733s,3209043968B
resistance.2.prop3-back-serstep.yml,C,CEGAR_PRED,91.954223112s,2388410368B
resistance.2.prop3-func-interl.yml,C,CEGAR_PRED,282.445475679s,3108102144B
count2.yml,C,CEGAR_PRED,9.520250213s,231002112B
count4.yml,C,CEGAR_PRED,15.299890533s,260956160B
factorial4even.yml,C,CEGAR_PRED,36.975056839s,356909056B
twocount2.yml,C,CEGAR_PRED,73.651889061s,1856585728B
Huffman_dec.yml,C,CEGAR_PRED,16.87464728s,295858176B
Huffman_enc.yml,C,CEGAR_PRED,8.615639262s,234729472B
driving_phils.1.prop1-back-serstep.yml,BTOR2,CEGAR_EXPL,26.336630676s,590671872B
driving_phils.1.prop1-func-interl.yml,BTOR2,CEGAR_EXPL,13.300885969s,264306688B
driving_phils.2.prop1-back-serstep.yml,BTOR2,CEGAR_EXPL,28.017424798s,612220928B
driving_phils.2.prop1-func-interl.yml,BTOR2,CEGAR_EXPL,10.111015085s,287797248B
driving_phils.3.prop1-back-serstep.yml,BTOR2,CEGAR_EXPL,38.236345631s,899190784B
driving_phils.3.prop1-func-interl.yml,BTOR2,CEGAR_EXPL,10.45727795s,322031616B
driving_phils.4.prop1-back-serstep.yml,BTOR2,CEGAR_EXPL,58.871624277s,1052979200B
driving_phils.4.prop1-func-interl.yml,BTOR2,CEGAR_EXPL,9.752866736s,363655168B
driving_phils.5.prop1-back-serstep.yml,BTOR2,CEGAR_EXPL,47.951540128s,999120896B
driving_phils.5.prop1-func-interl.yml,BTOR2,CEGAR_EXPL,11.589117406s,311685120B
production_cell.1.prop1-back-serstep.yml,BTOR2,CEGAR_EXPL,14.473031139s,394846208B
production_cell.1.prop1-func-interl.yml,BTOR2,CEGAR_EXPL,8.100334167s,228659200B
production_cell.3.prop1-back-serstep.yml,BTOR2,CEGAR_EXPL,14.042366974s,592007168B
production_cell.3.prop1-func-interl.yml,BTOR2,CEGAR_EXPL,18.610428085s,334577664B
production_cell.5.prop1-back-serstep.yml,BTOR2,CEGAR_EXPL,19.571465847s,616222720B
production_cell.5.prop1-func-interl.yml,BTOR2,CEGAR_EXPL,11.257587824s,425095168B
production_cell.6.prop1-back-serstep.yml,BTOR2,CEGAR_EXPL,20.752992825s,736083968B
production_cell.6.prop1-func-interl.yml,BTOR2,CEGAR_EXPL,19.0236419s,473362432B
schedule_world.3.prop1-back-serstep.yml,BTOR2,CEGAR_EXPL,33.020924733s,618536960B
schedule_world.3.prop1-func-interl.yml,BTOR2,CEGAR_EXPL,23.825712214s,436436992B
count2.yml,BTOR2,CEGAR_EXPL,4.993368883s,147451904B
count4.yml,BTOR2,CEGAR_EXPL,7.372873753s,149839872B
Huffman_dec.yml,BTOR2,CEGAR_EXPL,6.046929406s,202035200B
Huffman_enc.yml,BTOR2,CEGAR_EXPL,8.482675311s,151871488B
stack-p1.yml,BTOR2,CEGAR_EXPL,33.723539436s,1397882880B
driving_phils.2.prop1-func-interl.yml,C,CEGAR_EXPL,745.989822937s,5554085888B
production_cell.1.prop1-func-interl.yml,C,CEGAR_EXPL,829.663956361s,5531738112B
count2.yml,C,CEGAR_EXPL,10.069327791s,217468928B
count4.yml,C,CEGAR_EXPL,10.424696903s,228605952B
factorial4even.yml,C,CEGAR_EXPL,11.52846404s,357658624B
Huffman_dec.yml,C,CEGAR_EXPL,12.429935918s,311664640B
Huffman_enc.yml,C,CEGAR_EXPL,7.546177462s,249704448B
adding.1.prop1-back-serstep.yml,BTOR2,BMC,92.29727891s,401289216B
anderson.1.prop1-back-serstep.yml,BTOR2,BMC,46.874663572s,369737728B
anderson.3.prop1-back-serstep.yml,BTOR2,BMC,725.423637169s,1901907968B
bakery.2.prop1-back-serstep.yml,BTOR2,BMC,818.584919371s,661270528B
driving_phils.1.prop1-back-serstep.yml,BTOR2,BMC,50.17857836s,1099923456B
driving_phils.1.prop1-func-interl.yml,BTOR2,BMC,10.4032154s,291225600B
driving_phils.2.prop1-back-serstep.yml,BTOR2,BMC,59.210585932s,948670464B
driving_phils.2.prop1-func-interl.yml,BTOR2,BMC,9.516794996s,409313280B
driving_phils.3.prop1-back-serstep.yml,BTOR2,BMC,63.98612546s,1567068160B
driving_phils.3.prop1-func-interl.yml,BTOR2,BMC,19.860110198s,583901184B
driving_phils.4.prop1-back-serstep.yml,BTOR2,BMC,99.904545501s,1500946432B
driving_phils.4.prop1-func-interl.yml,BTOR2,BMC,12.637310554s,628416512B
driving_phils.5.prop1-back-serstep.yml,BTOR2,BMC,77.241736325s,1258455040B
driving_phils.5.prop1-func-interl.yml,BTOR2,BMC,12.523382688s,540389376B
leader_filters.2.prop1-back-serstep.yml,BTOR2,BMC,841.45457847s,948289536B
peterson.3.prop1-back-serstep.yml,BTOR2,BMC,151.15047855s,696717312B
peterson.6.prop1-back-serstep.yml,BTOR2,BMC,777.177637796s,1007476736B
production_cell.1.prop1-back-serstep.yml,BTOR2,BMC,14.840065535s,538480640B
production_cell.1.prop1-func-interl.yml,BTOR2,BMC,10.458198695s,288096256B
production_cell.3.prop1-back-serstep.yml,BTOR2,BMC,21.37813281s,989519872B
production_cell.3.prop1-func-interl.yml,BTOR2,BMC,20.948171702s,422952960B
production_cell.5.prop1-back-serstep.yml,BTOR2,BMC,45.233133078s,1102393344B
production_cell.5.prop1-func-interl.yml,BTOR2,BMC,19.960242144s,622886912B
production_cell.6.prop1-back-serstep.yml,BTOR2,BMC,31.668294405s,1461854208B
production_cell.6.prop1-func-interl.yml,BTOR2,BMC,22.842975806s,971730944B
protocols.1.prop1-back-serstep.yml,BTOR2,BMC,136.037948449s,393650176B
protocols.1.prop1-func-interl.yml,BTOR2,BMC,90.575514531s,438673408B
protocols.2.prop1-back-serstep.yml,BTOR2,BMC,243.849798356s,403206144B
protocols.2.prop1-func-interl.yml,BTOR2,BMC,434.96834111s,480419840B
protocols.3.prop1-back-serstep.yml,BTOR2,BMC,640.06669214s,901419008B
protocols.3.prop1-func-interl.yml,BTOR2,BMC,309.080580166s,865202176B
protocols.4.prop1-back-serstep.yml,BTOR2,BMC,596.32613662s,867930112B
protocols.4.prop1-func-interl.yml,BTOR2,BMC,796.273220115s,842649600B
protocols.5.prop1-back-serstep.yml,BTOR2,BMC,519.249511961s,918306816B
protocols.5.prop1-func-interl.yml,BTOR2,BMC,252.019228605s,835383296B
resistance.2.prop1-back-serstep.yml,BTOR2,BMC,269.319648851s,685821952B
resistance.2.prop1-func-interl.yml,BTOR2,BMC,124.634861031s,569344000B
schedule_world.1.prop1-back-serstep.yml,BTOR2,BMC,68.167547013s,675606528B
schedule_world.1.prop1-func-interl.yml,BTOR2,BMC,198.577448981s,699531264B
schedule_world.2.prop1-back-serstep.yml,BTOR2,BMC,150.324688418s,880791552B
schedule_world.2.prop1-func-interl.yml,BTOR2,BMC,18.423315291s,568741888B
schedule_world.3.prop1-back-serstep.yml,BTOR2,BMC,42.877517085s,1160802304B
schedule_world.3.prop1-func-interl.yml,BTOR2,BMC,23.136677681s,698986496B
count2.yml,BTOR2,BMC,6.397559792s,142233600B
count4.yml,BTOR2,BMC,7.614810867s,145743872B
factorial4even.yml,BTOR2,BMC,9.895660123s,194809856B
recount4.yml,BTOR2,BMC,12.182520399s,177672192B
twocount2.yml,BTOR2,BMC,7.60825332s,151986176B
twocount32.yml,BTOR2,BMC,8.307566931s,183226368B
stack-p1.yml,BTOR2,BMC,84.828345914s,1416175616B
driving_phils.2.prop1-func-interl.yml,C,BMC,801.690159206s,5979865088B
count2.yml,C,BMC,6.683339845s,219594752B
count4.yml,C,BMC,9.664287981s,244027392B
factorial4even.yml,C,BMC,26.78438209s,319639552B
recount4.yml,C,BMC,320.110123159s,458276864B
twocount2.yml,C,BMC,12.702560833s,293482496B
twocount32.yml,C,BMC,23.758205908s,344104960B
anderson.1.prop1-back-serstep.yml,BTOR2,IMC,55.218505571s,509292544B
driving_phils.1.prop1-back-serstep.yml,BTOR2,IMC,57.839633951s,1272582144B
driving_phils.1.prop1-func-interl.yml,BTOR2,IMC,19.429223763s,425897984B
driving_phils.2.prop1-back-serstep.yml,BTOR2,IMC,72.430188319s,1398321152B
driving_phils.2.prop1-func-interl.yml,BTOR2,IMC,12.393887544s,586698752B
driving_phils.3.prop1-back-serstep.yml,BTOR2,IMC,89.838211119s,1934090240B
driving_phils.3.prop1-func-interl.yml,BTOR2,IMC,16.964076381s,726056960B
driving_phils.4.prop1-back-serstep.yml,BTOR2,IMC,134.590114855s,2386759680B
driving_phils.4.prop1-func-interl.yml,BTOR2,IMC,16.175747628s,887693312B
driving_phils.5.prop1-back-serstep.yml,BTOR2,IMC,246.835372341s,1622704128B
driving_phils.5.prop1-func-interl.yml,BTOR2,IMC,15.717189261s,755081216B
lup.1.prop1-func-interl.yml,BTOR2,IMC,91.756657274s,1061466112B
lup.2.prop1-func-interl.yml,BTOR2,IMC,219.053685277s,2136465408B
lup.3.prop1-func-interl.yml,BTOR2,IMC,654.102445746s,2415783936B
lup.4.prop1-func-interl.yml,BTOR2,IMC,643.24818564s,2712371200B
peterson.3.prop1-back-serstep.yml,BTOR2,IMC,203.917620454s,1214115840B
production_cell.1.prop1-back-serstep.yml,BTOR2,IMC,38.062425371s,770342912B
production_cell.1.prop1-func-interl.yml,BTOR2,IMC,9.605401293s,373817344B
production_cell.3.prop1-back-serstep.yml,BTOR2,IMC,52.981478465s,1053106176B
production_cell.3.prop1-func-interl.yml,BTOR2,IMC,21.717809144s,727560192B
production_cell.5.prop1-back-serstep.yml,BTOR2,IMC,71.06688409s,1591377920B
production_cell.5.prop1-func-interl.yml,BTOR2,IMC,23.406060806s,1058041856B
production_cell.6.prop1-back-serstep.yml,BTOR2,IMC,85.051697238s,1739661312B
production_cell.6.prop1-func-interl.yml,BTOR2,IMC,18.890669393s,1156349952B
protocols.1.prop1-back-serstep.yml,BTOR2,IMC,204.546392037s,588587008B
protocols.1.prop1-func-interl.yml,BTOR2,IMC,141.585626094s,555180032B
protocols.2.prop1-back-serstep.yml,BTOR2,IMC,462.797831309s,710934528B
protocols.2.prop1-func-interl.yml,BTOR2,IMC,415.217036694s,670621696B
protocols.5.prop1-back-serstep.yml,BTOR2,IMC,339.252336231s,1138724864B
resistance.1.prop1-back-serstep.yml,BTOR2,IMC,34.779197432s,546230272B
resistance.1.prop1-func-interl.yml,BTOR2,IMC,21.226784452s,546664448B
resistance.1.prop2-back-serstep.yml,BTOR2,IMC,491.942946001s,955912192B
resistance.1.prop2-func-interl.yml,BTOR2,IMC,34.708404929s,397496320B
resistance.1.prop3-func-interl.yml,BTOR2,IMC,18.992339714s,554938368B
resistance.2.prop1-back-serstep.yml,BTOR2,IMC,497.703466317s,1095180288B
resistance.2.prop1-func-interl.yml,BTOR2,IMC,129.134320809s,1010671616B
resistance.2.prop2-func-interl.yml,BTOR2,IMC,31.916728466s,745914368B
resistance.2.prop3-func-interl.yml,BTOR2,IMC,33.018736422s,733220864B
schedule_world.1.prop1-func-interl.yml,BTOR2,IMC,747.450164026s,5973315584B
schedule_world.2.prop1-back-serstep.yml,BTOR2,IMC,161.697048717s,1450885120B
schedule_world.2.prop1-func-interl.yml,BTOR2,IMC,43.9546312s,787222528B
schedule_world.3.prop1-back-serstep.yml,BTOR2,IMC,47.28471995s,1700519936B
schedule_world.3.prop1-func-interl.yml,BTOR2,IMC,21.720163851s,686718976B
count2.yml,BTOR2,IMC,6.168855241s,154271744B
count4.yml,BTOR2,IMC,15.093736638s,235786240B
twocount2.yml,BTOR2,IMC,6.498733664s,189767680B
twocount32.yml,BTOR2,IMC,14.784284102s,271642624B
Huffman_dec.yml,BTOR2,IMC,10.429386977s,258183168B
Huffman_enc.yml,BTOR2,IMC,7.768720985s,209616896B
stack-p1.yml,BTOR2,IMC,423.448221775s,1880190976B
stack-p2.yml,BTOR2,IMC,886.322200593s,2170769408B
lup.1.prop1-func-interl.yml,C,IMC,546.255406193s,4684496896B
production_cell.1.prop1-func-interl.yml,C,IMC,655.784732226s,5754650624B
resistance.1.prop1-func-interl.yml,C,IMC,313.832147595s,3144196096B
resistance.1.prop2-func-interl.yml,C,IMC,274.203328385s,3235430400B
resistance.1.prop3-func-interl.yml,C,IMC,149.169388553s,3433934848B
resistance.2.prop2-func-interl.yml,C,IMC,447.165945228s,4150771712B
resistance.2.prop3-func-interl.yml,C,IMC,898.444038042s,4113682432B
count2.yml,C,IMC,25.251948103s,319582208B
count4.yml,C,IMC,141.241525451s,833511424B
twocount2.yml,C,IMC,139.208119924s,13405204480B
twocount32.yml,C,IMC,34.610899916s,764321792B
Huffman_dec.yml,C,IMC,37.014404455s,940060672B
Huffman_enc.yml,C,IMC,23.007693404s,395939840B
adding.1.prop1-back-serstep.yml,BTOR2,K-Induction,172.179520339s,425115648B
anderson.1.prop1-back-serstep.yml,BTOR2,K-Induction,56.568944156s,453369856B
anderson.3.prop1-back-serstep.yml,BTOR2,K-Induction,806.845606434s,2061508608B
bakery.2.prop1-back-serstep.yml,BTOR2,K-Induction,699.05227149s,763338752B
driving_phils.1.prop1-back-serstep.yml,BTOR2,K-Induction,41.682862561s,1139957760B
driving_phils.1.prop1-func-interl.yml,BTOR2,K-Induction,12.484312478s,496295936B
driving_phils.2.prop1-back-serstep.yml,BTOR2,K-Induction,792.609150603s,1321574400B
driving_phils.2.prop1-func-interl.yml,BTOR2,K-Induction,19.246154672s,399929344B
driving_phils.3.prop1-back-serstep.yml,BTOR2,K-Induction,107.704375694s,1617752064B
driving_phils.3.prop1-func-interl.yml,BTOR2,K-Induction,19.059265857s,597921792B
driving_phils.4.prop1-back-serstep.yml,BTOR2,K-Induction,83.366232061s,1967415296B
driving_phils.4.prop1-func-interl.yml,BTOR2,K-Induction,21.766582016s,572219392B
driving_phils.5.prop1-back-serstep.yml,BTOR2,K-Induction,86.898595792s,1725923328B
driving_phils.5.prop1-func-interl.yml,BTOR2,K-Induction,11.571703502s,726482944B
krebs.1.prop1-func-interl.yml,BTOR2,K-Induction,475.974114044s,1102721024B
lup.1.prop1-func-interl.yml,BTOR2,K-Induction,28.177137182s,534495232B
lup.2.prop1-func-interl.yml,BTOR2,K-Induction,64.521557297s,1696538624B
lup.3.prop1-func-interl.yml,BTOR2,K-Induction,64.795853474s,1843769344B
lup.4.prop1-func-interl.yml,BTOR2,K-Induction,62.381302025s,2330103808B
peterson.3.prop1-back-serstep.yml,BTOR2,K-Induction,226.707537864s,658300928B
production_cell.1.prop1-back-serstep.yml,BTOR2,K-Induction,17.648133454s,695083008B
production_cell.1.prop1-func-interl.yml,BTOR2,K-Induction,9.395022503s,361418752B
production_cell.3.prop1-back-serstep.yml,BTOR2,K-Induction,23.765619187s,1054056448B
production_cell.3.prop1-func-interl.yml,BTOR2,K-Induction,12.424569264s,581386240B
production_cell.5.prop1-back-serstep.yml,BTOR2,K-Induction,28.552588505s,1090535424B
production_cell.5.prop1-func-interl.yml,BTOR2,K-Induction,25.075905635s,663187456B
production_cell.6.prop1-back-serstep.yml,BTOR2,K-Induction,93.051373716s,1508511744B
production_cell.6.prop1-func-interl.yml,BTOR2,K-Induction,26.787862782s,1044111360B
protocols.1.prop1-back-serstep.yml,BTOR2,K-Induction,55.678265698s,449077248B
protocols.1.prop1-func-interl.yml,BTOR2,K-Induction,119.506399063s,436002816B
protocols.2.prop1-back-serstep.yml,BTOR2,K-Induction,343.568853759s,445562880B
protocols.2.prop1-func-interl.yml,BTOR2,K-Induction,460.570250765s,484155392B
protocols.3.prop1-back-serstep.yml,BTOR2,K-Induction,672.27139408s,916856832B
protocols.3.prop1-func-interl.yml,BTOR2,K-Induction,798.609666863s,915611648B
protocols.4.prop1-back-serstep.yml,BTOR2,K-Induction,844.612807357s,919085056B
protocols.4.prop1-func-interl.yml,BTOR2,K-Induction,876.329029327s,879845376B
protocols.5.prop1-back-serstep.yml,BTOR2,K-Induction,544.297262891s,883855360B
protocols.5.prop1-func-interl.yml,BTOR2,K-Induction,343.922279752s,896425984B
resistance.1.prop1-func-interl.yml,BTOR2,K-Induction,9.314467431s,297607168B
resistance.1.prop2-func-interl.yml,BTOR2,K-Induction,14.927016602s,299659264B
resistance.1.prop3-func-interl.yml,BTOR2,K-Induction,9.184700942s,311992320B
resistance.2.prop1-back-serstep.yml,BTOR2,K-Induction,502.822952057s,882376704B
resistance.2.prop1-func-interl.yml,BTOR2,K-Induction,81.322074219s,604962816B
resistance.2.prop2-func-interl.yml,BTOR2,K-Induction,20.643972585s,433315840B
resistance.2.prop3-func-interl.yml,BTOR2,K-Induction,23.842032331s,484421632B
schedule_world.1.prop1-back-serstep.yml,BTOR2,K-Induction,97.493577082s,714321920B
schedule_world.1.prop1-func-interl.yml,BTOR2,K-Induction,390.401570714s,710430720B
schedule_world.2.prop1-back-serstep.yml,BTOR2,K-Induction,124.929278015s,986128384B
schedule_world.2.prop1-func-interl.yml,BTOR2,K-Induction,24.842388909s,706560000B
schedule_world.3.prop1-back-serstep.yml,BTOR2,K-Induction,116.423927628s,1335156736B
schedule_world.3.prop1-func-interl.yml,BTOR2,K-Induction,25.054488005s,789889024B
count2.yml,BTOR2,K-Induction,4.626868505s,147038208B
count4.yml,BTOR2,K-Induction,5.503736669s,149872640B
factorial4even.yml,BTOR2,K-Induction,12.368947262s,216944640B
recount4.yml,BTOR2,K-Induction,23.712100987s,183742464B
twocount2.yml,BTOR2,K-Induction,8.247549326s,158396416B
twocount32.yml,BTOR2,K-Induction,5.212500513s,193699840B
Huffman_dec.yml,BTOR2,K-Induction,7.096850533s,233881600B
Huffman_enc.yml,BTOR2,K-Induction,7.296087355s,194428928B
stack-p1.yml,BTOR2,K-Induction,147.152551463s,1731063808B
stack-p2.yml,BTOR2,K-Induction,69.70702725s,1309327360B
driving_phils.2.prop1-func-interl.yml,C,K-Induction,792.417413615s,6605983744B
lup.1.prop1-func-interl.yml,C,K-Induction,103.867247869s,4619395072B
lup.2.prop1-func-interl.yml,C,K-Induction,355.143319684s,5413941248B
lup.4.prop1-func-interl.yml,C,K-Induction,764.422065793s,5769695232B
production_cell.1.prop1-func-interl.yml,C,K-Induction,721.797791546s,6137380864B
resistance.1.prop1-func-interl.yml,C,K-Induction,50.708936467s,2710970368B
resistance.1.prop2-func-interl.yml,C,K-Induction,47.36078817s,2953736192B
resistance.1.prop3-func-interl.yml,C,K-Induction,43.80170677s,2923646976B
resistance.2.prop2-func-interl.yml,C,K-Induction,85.980495299s,3584425984B
resistance.2.prop3-func-interl.yml,C,K-Induction,92.021997925s,3342794752B
count2.yml,C,K-Induction,7.083774951s,234086400B
count4.yml,C,K-Induction,11.389801747s,252960768B
factorial4even.yml,C,K-Induction,28.061268488s,409821184B
recount4.yml,C,K-Induction,185.131280116s,500379648B
twocount2.yml,C,K-Induction,19.344716842s,328695808B
twocount32.yml,C,K-Induction,23.556829177s,394833920B
Huffman_dec.yml,C,K-Induction,29.709001796s,735268864B
Huffman_enc.yml,C,K-Induction,9.127373897s,382353408B
